compliance_id,mine_id,compliance_code,category,authority,regulation_name,requirement,applicability,frequency,issue_date,due_date,expiry_date,responsible_officer_role,status,priority,evidence_required,source_rule_reference,data_source,data_note
CMP-M001-001,M001,SAF-01,Safety,DGMS,"Coal Mines Regulations, 2017",General mine safety inspection & statutory records,ALL,MONTHLY,2026-07-26,2026-08-30,2026-09-09,Safety Officer,NON_COMPLIANT,CRITICAL,Inspection records,"Coal Mines Regulations, 2017 / demo applicability mapping",DEMO_SYNTHETIC,Dates/statuses are synthetic; not official statutory determinations
CMP-M001-002,M001,SAF-02,Safety,DGMS,"Mines Vocational Training Rules, 1966",Vocational/refresher training validity,ALL,MONTHLY,2025-08-11,2026-09-17,2027-01-11,Training Officer,DUE_SOON,HIGH,Training certificates,"Mines Vocational Training Rules, 1966 / demo applicability mapping",DEMO_SYNTHETIC,Dates/statuses are synthetic; not official statutory determinations
CMP-M001-003,M001,SAF-03,Safety,DGMS,"Mines Rescue Rules, 1985",Emergency/rescue preparedness review,"UNDERGROUND,MIXED",QUARTERLY,2025-07-29,,,Safety Officer,NOT_APPLICABLE,LOW,Mock drill/rescue records,"Mines Rescue Rules, 1985 / demo applicability mapping",DEMO_SYNTHETIC,Dates/statuses are synthetic; not official statutory determinations
CMP-M001-004,M001,SAF-04,Safety,DGMS,"Coal Mines Regulations, 2017",Ventilation and mine-air monitoring review,"UNDERGROUND,MIXED",WEEKLY,2025-12-14,,,Ventilation Officer,NOT_APPLICABLE,LOW,Gas/ventilation records,"Coal Mines Regulations, 2017 / demo applicability mapping",DEMO_SYNTHETIC,Dates/statuses are synthetic; not official statutory determinations
CMP-M001-005,M001,SAF-05,Safety,DGMS,"Coal Mines Regulations, 2017",Strata/roof support inspection,"UNDERGROUND,MIXED",WEEKLY,2025-05-26,,,Safety Officer,NOT_APPLICABLE,LOW,Strata evidence,"Coal Mines Regulations, 2017 / demo applicability mapping",DEMO_SYNTHETIC,Dates/statuses are synthetic; not official statutory determinations
CMP-M001-006,M001,SAF-06,Safety,DGMS,"Coal Mines Regulations, 2017",Slope/dump/highwall safety inspection,"OPENCAST,MIXED",WEEKLY,2025-09-14,2027-02-18,2027-03-12,Safety Officer,COMPLIANT,MEDIUM,Geotechnical evidence,"Coal Mines Regulations, 2017 / demo applicability mapping",DEMO_SYNTHETIC,Dates/statuses are synthetic; not official statutory determinations
CMP-M001-007,M001,ENV-01,Environment,MoEFCC/PARIVESH,Environmental Clearance Conditions,Environmental clearance condition compliance,ALL,HALF_YEARLY,2026-07-18,2026-07-29,2026-09-14,Environment Officer,OVERDUE,HIGH,EC compliance report,Environmental Clearance Conditions / demo applicability mapping,DEMO_SYNTHETIC,Dates/statuses are synthetic; not official statutory determinations
CMP-M001-008,M001,ENV-02,Environment,State Pollution Control Board,Consent to Operate Conditions,Consent to Operate validity/conditions,ALL,ANNUAL,2025-06-27,2026-08-10,2026-11-24,Environment Officer,NON_COMPLIANT,CRITICAL,CTO certificate,Consent to Operate Conditions / demo applicability mapping,DEMO_SYNTHETIC,Dates/statuses are synthetic; not official statutory determinations
CMP-M001-009,M001,ENV-03,Environment,State Pollution Control Board,Environmental Monitoring Programme,Ambient air quality monitoring,ALL,FORTNIGHTLY,2025-07-07,2026-11-28,2027-05-11,Environment Officer,COMPLIANT,MEDIUM,Air monitoring report,Environmental Monitoring Programme / demo applicability mapping,DEMO_SYNTHETIC,Dates/statuses are synthetic; not official statutory determinations
CMP-M001-010,M001,ENV-04,Environment,State Pollution Control Board,Environmental Monitoring Programme,Mine-water quality monitoring,ALL,FORTNIGHTLY,2026-01-30,2026-12-21,2027-07-04,Environment Officer,COMPLIANT,LOW,Water analysis report,Environmental Monitoring Programme / demo applicability mapping,DEMO_SYNTHETIC,Dates/statuses are synthetic; not official statutory determinations
CMP-M001-011,M001,LAB-01,Labour,DGMS / Labour Compliance,Mine Worker Fitness & Welfare Requirements,Worker fitness validity review,ALL,MONTHLY,2025-10-13,2026-09-18,2026-10-27,HR Officer,DUE_SOON,HIGH,Fitness validity record,Mine Worker Fitness & Welfare Requirements / demo applicability mapping,DEMO_SYNTHETIC,Dates/statuses are synthetic; not official statutory determinations
CMP-M001-012,M001,LAB-02,Labour,DGMS / Labour Compliance,Training & Competency Requirements,Worker competency/certificate validity,ALL,MONTHLY,2025-08-19,2026-11-23,2027-06-20,HR Officer,COMPLIANT,MEDIUM,Competency certificate,Training & Competency Requirements / demo applicability mapping,DEMO_SYNTHETIC,Dates/statuses are synthetic; not official statutory determinations
CMP-M001-013,M001,CON-01,Contractor,Mine Management,Contractor Safety Management,Contractor training/PPE/licence compliance,ALL,MONTHLY,2026-04-15,2026-11-17,2026-12-20,Contractor Manager,COMPLIANT,MEDIUM,Contractor compliance pack,Contractor Safety Management / demo applicability mapping,DEMO_SYNTHETIC,Dates/statuses are synthetic; not official statutory determinations
CMP-M001-014,M001,PRO-01,Production,Ministry of Coal / Coal Controller,Production Reporting Requirement,Daily/monthly production reporting,"OPERATING,REOPENING",MONTHLY,2025-05-18,2026-11-12,2027-03-15,Production Officer,COMPLIANT,LOW,Production statement,Production Reporting Requirement / demo applicability mapping,DEMO_SYNTHETIC,Dates/statuses are synthetic; not official statutory determinations
CMP-M001-015,M001,CLS-01,Mine Closure,Ministry of Coal,Mining Plan & Mine Closure Plan,Progressive/final mine closure obligations,ALL,QUARTERLY,2025-05-09,2026-09-21,2027-01-10,Mine Planning Officer,DUE_SOON,HIGH,Closure progress evidence,Mining Plan & Mine Closure Plan / demo applicability mapping,DEMO_SYNTHETIC,Dates/statuses are synthetic; not official statutory determinations
CMP-M002-001,M002,SAF-01,Safety,DGMS,"Coal Mines Regulations, 2017",General mine safety inspection & statutory records,ALL,MONTHLY,2026-05-11,2026-09-19,2026-10-25,Safety Officer,DUE_SOON,MEDIUM,Inspection records,"Coal Mines Regulations, 2017 / demo applicability mapping",DEMO_SYNTHETIC,Dates/statuses are synthetic; not official statutory determinations
CMP-M002-002,M002,SAF-02,Safety,DGMS,"Mines Vocational Training Rules, 1966",Vocational/refresher training validity,ALL,MONTHLY,2026-05-29,2026-09-17,2026-10-15,Training Officer,DUE_SOON,HIGH,Training certificates,"Mines Vocational Training Rules, 1966 / demo applicability mapping",DEMO_SYNTHETIC,Dates/statuses are synthetic; not official statutory determinations
CMP-M002-003,M002,SAF-03,Safety,DGMS,"Mines Rescue Rules, 1985",Emergency/rescue preparedness review,"UNDERGROUND,MIXED",QUARTERLY,2026-08-03,2026-08-26,2026-10-13,Safety Officer,NON_COMPLIANT,CRITICAL,Mock drill/rescue records,"Mines Rescue Rules, 1985 / demo applicability mapping",DEMO_SYNTHETIC,Dates/statuses are synthetic; not official statutory determinations
CMP-M002-004,M002,SAF-04,Safety,DGMS,"Coal Mines Regulations, 2017",Ventilation and mine-air monitoring review,"UNDERGROUND,MIXED",WEEKLY,2025-11-10,2026-09-05,2026-11-20,Ventilation Officer,DUE_SOON,HIGH,Gas/ventilation records,"Coal Mines Regulations, 2017 / demo applicability mapping",DEMO_SYNTHETIC,Dates/statuses are synthetic; not official statutory determinations
CMP-M002-005,M002,SAF-05,Safety,DGMS,"Coal Mines Regulations, 2017",Strata/roof support inspection,"UNDERGROUND,MIXED",WEEKLY,2025-12-07,2027-02-08,2027-07-25,Safety Officer,COMPLIANT,MEDIUM,Strata evidence,"Coal Mines Regulations, 2017 / demo applicability mapping",DEMO_SYNTHETIC,Dates/statuses are synthetic; not official statutory determinations
CMP-M002-006,M002,SAF-06,Safety,DGMS,"Coal Mines Regulations, 2017",Slope/dump/highwall safety inspection,"OPENCAST,MIXED",WEEKLY,2025-06-30,,,Safety Officer,NOT_APPLICABLE,LOW,Geotechnical evidence,"Coal Mines Regulations, 2017 / demo applicability mapping",DEMO_SYNTHETIC,Dates/statuses are synthetic; not official statutory determinations
CMP-M002-007,M002,ENV-01,Environment,MoEFCC/PARIVESH,Environmental Clearance Conditions,Environmental clearance condition compliance,ALL,HALF_YEARLY,2025-10-14,2026-10-05,2027-03-22,Environment Officer,COMPLIANT,LOW,EC compliance report,Environmental Clearance Conditions / demo applicability mapping,DEMO_SYNTHETIC,Dates/statuses are synthetic; not official statutory determinations
CMP-M002-008,M002,ENV-02,Environment,State Pollution Control Board,Consent to Operate Conditions,Consent to Operate validity/conditions,ALL,ANNUAL,2026-04-06,2026-09-18,2026-12-22,Environment Officer,DUE_SOON,HIGH,CTO certificate,Consent to Operate Conditions / demo applicability mapping,DEMO_SYNTHETIC,Dates/statuses are synthetic; not official statutory determinations
CMP-M002-009,M002,ENV-03,Environment,State Pollution Control Board,Environmental Monitoring Programme,Ambient air quality monitoring,ALL,FORTNIGHTLY,2025-11-17,2026-09-27,2026-11-11,Environment Officer,DUE_SOON,HIGH,Air monitoring report,Environmental Monitoring Programme / demo applicability mapping,DEMO_SYNTHETIC,Dates/statuses are synthetic; not official statutory determinations
CMP-M002-010,M002,ENV-04,Environment,State Pollution Control Board,Environmental Monitoring Programme,Mine-water quality monitoring,ALL,FORTNIGHTLY,2026-06-02,2026-11-02,2027-05-31,Environment Officer,COMPLIANT,LOW,Water analysis report,Environmental Monitoring Programme / demo applicability mapping,DEMO_SYNTHETIC,Dates/statuses are synthetic; not official statutory determinations
CMP-M002-011,M002,LAB-01,Labour,DGMS / Labour Compliance,Mine Worker Fitness & Welfare Requirements,Worker fitness validity review,ALL,MONTHLY,2026-06-05,2027-01-19,2027-01-12,HR Officer,COMPLIANT,LOW,Fitness validity record,Mine Worker Fitness & Welfare Requirements / demo applicability mapping,DEMO_SYNTHETIC,Dates/statuses are synthetic; not official statutory determinations
CMP-M002-012,M002,LAB-02,Labour,DGMS / Labour Compliance,Training & Competency Requirements,Worker competency/certificate validity,ALL,MONTHLY,2025-04-24,2027-02-08,2027-05-18,HR Officer,COMPLIANT,LOW,Competency certificate,Training & Competency Requirements / demo applicability mapping,DEMO_SYNTHETIC,Dates/statuses are synthetic; not official statutory determinations
CMP-M002-013,M002,CON-01,Contractor,Mine Management,Contractor Safety Management,Contractor training/PPE/licence compliance,ALL,MONTHLY,2025-06-20,2026-10-09,2027-06-23,Contractor Manager,COMPLIANT,MEDIUM,Contractor compliance pack,Contractor Safety Management / demo applicability mapping,DEMO_SYNTHETIC,Dates/statuses are synthetic; not official statutory determinations
CMP-M002-014,M002,PRO-01,Production,Ministry of Coal / Coal Controller,Production Reporting Requirement,Daily/monthly production reporting,"OPERATING,REOPENING",MONTHLY,2025-08-24,2027-02-05,2027-02-04,Production Officer,COMPLIANT,LOW,Production statement,Production Reporting Requirement / demo applicability mapping,DEMO_SYNTHETIC,Dates/statuses are synthetic; not official statutory determinations
CMP-M002-015,M002,CLS-01,Mine Closure,Ministry of Coal,Mining Plan & Mine Closure Plan,Progressive/final mine closure obligations,ALL,QUARTERLY,2026-01-18,2027-01-09,2027-07-29,Mine Planning Officer,COMPLIANT,MEDIUM,Closure progress evidence,Mining Plan & Mine Closure Plan / demo applicability mapping,DEMO_SYNTHETIC,Dates/statuses are synthetic; not official statutory determinations
CMP-M003-001,M003,SAF-01,Safety,DGMS,"Coal Mines Regulations, 2017",General mine safety inspection & statutory records,ALL,MONTHLY,2025-06-13,2027-01-04,2026-12-07,Safety Officer,COMPLIANT,MEDIUM,Inspection records,"Coal Mines Regulations, 2017 / demo applicability mapping",DEMO_SYNTHETIC,Dates/statuses are synthetic; not official statutory determinations
CMP-M003-002,M003,SAF-02,Safety,DGMS,"Mines Vocational Training Rules, 1966",Vocational/refresher training validity,ALL,MONTHLY,2026-06-26,2026-12-06,2027-04-28,Training Officer,COMPLIANT,MEDIUM,Training certificates,"Mines Vocational Training Rules, 1966 / demo applicability mapping",DEMO_SYNTHETIC,Dates/statuses are synthetic; not official statutory determinations
CMP-M003-003,M003,SAF-03,Safety,DGMS,"Mines Rescue Rules, 1985",Emergency/rescue preparedness review,"UNDERGROUND,MIXED",QUARTERLY,2026-04-18,,,Safety Officer,NOT_APPLICABLE,LOW,Mock drill/rescue records,"Mines Rescue Rules, 1985 / demo applicability mapping",DEMO_SYNTHETIC,Dates/statuses are synthetic; not official statutory determinations
CMP-M003-004,M003,SAF-04,Safety,DGMS,"Coal Mines Regulations, 2017",Ventilation and mine-air monitoring review,"UNDERGROUND,MIXED",WEEKLY,2026-05-06,,,Ventilation Officer,NOT_APPLICABLE,LOW,Gas/ventilation records,"Coal Mines Regulations, 2017 / demo applicability mapping",DEMO_SYNTHETIC,Dates/statuses are synthetic; not official statutory determinations
CMP-M003-005,M003,SAF-05,Safety,DGMS,"Coal Mines Regulations, 2017",Strata/roof support inspection,"UNDERGROUND,MIXED",WEEKLY,2025-10-31,,,Safety Officer,NOT_APPLICABLE,LOW,Strata evidence,"Coal Mines Regulations, 2017 / demo applicability mapping",DEMO_SYNTHETIC,Dates/statuses are synthetic; not official statutory determinations
CMP-M003-006,M003,SAF-06,Safety,DGMS,"Coal Mines Regulations, 2017",Slope/dump/highwall safety inspection,"OPENCAST,MIXED",WEEKLY,2026-06-20,2027-02-25,2027-06-15,Safety Officer,COMPLIANT,MEDIUM,Geotechnical evidence,"Coal Mines Regulations, 2017 / demo applicability mapping",DEMO_SYNTHETIC,Dates/statuses are synthetic; not official statutory determinations
CMP-M003-007,M003,ENV-01,Environment,MoEFCC/PARIVESH,Environmental Clearance Conditions,Environmental clearance condition compliance,ALL,HALF_YEARLY,2026-04-13,2026-10-14,2027-05-12,Environment Officer,COMPLIANT,MEDIUM,EC compliance report,Environmental Clearance Conditions / demo applicability mapping,DEMO_SYNTHETIC,Dates/statuses are synthetic; not official statutory determinations
CMP-M003-008,M003,ENV-02,Environment,State Pollution Control Board,Consent to Operate Conditions,Consent to Operate validity/conditions,ALL,ANNUAL,2025-07-07,2027-01-05,2027-07-24,Environment Officer,COMPLIANT,LOW,CTO certificate,Consent to Operate Conditions / demo applicability mapping,DEMO_SYNTHETIC,Dates/statuses are synthetic; not official statutory determinations
CMP-M003-009,M003,ENV-03,Environment,State Pollution Control Board,Environmental Monitoring Programme,Ambient air quality monitoring,ALL,FORTNIGHTLY,2025-11-24,2027-01-07,2027-08-05,Environment Officer,COMPLIANT,MEDIUM,Air monitoring report,Environmental Monitoring Programme / demo applicability mapping,DEMO_SYNTHETIC,Dates/statuses are synthetic; not official statutory determinations
CMP-M003-010,M003,ENV-04,Environment,State Pollution Control Board,Environmental Monitoring Programme,Mine-water quality monitoring,ALL,FORTNIGHTLY,2025-07-27,2027-01-03,2027-07-07,Environment Officer,COMPLIANT,LOW,Water analysis report,Environmental Monitoring Programme / demo applicability mapping,DEMO_SYNTHETIC,Dates/statuses are synthetic; not official statutory determinations
CMP-M003-011,M003,LAB-01,Labour,DGMS / Labour Compliance,Mine Worker Fitness & Welfare Requirements,Worker fitness validity review,ALL,MONTHLY,2026-07-11,2027-01-31,2027-02-21,HR Officer,COMPLIANT,LOW,Fitness validity record,Mine Worker Fitness & Welfare Requirements / demo applicability mapping,DEMO_SYNTHETIC,Dates/statuses are synthetic; not official statutory determinations
CMP-M003-012,M003,LAB-02,Labour,DGMS / Labour Compliance,Training & Competency Requirements,Worker competency/certificate validity,ALL,MONTHLY,2026-04-16,2026-12-02,2027-02-19,HR Officer,COMPLIANT,MEDIUM,Competency certificate,Training & Competency Requirements / demo applicability mapping,DEMO_SYNTHETIC,Dates/statuses are synthetic; not official statutory determinations
CMP-M003-013,M003,CON-01,Contractor,Mine Management,Contractor Safety Management,Contractor training/PPE/licence compliance,ALL,MONTHLY,2026-04-23,2026-10-19,2027-06-22,Contractor Manager,COMPLIANT,MEDIUM,Contractor compliance pack,Contractor Safety Management / demo applicability mapping,DEMO_SYNTHETIC,Dates/statuses are synthetic; not official statutory determinations
CMP-M003-014,M003,PRO-01,Production,Ministry of Coal / Coal Controller,Production Reporting Requirement,Daily/monthly production reporting,"OPERATING,REOPENING",MONTHLY,2025-12-30,2026-11-01,2027-08-21,Production Officer,COMPLIANT,LOW,Production statement,Production Reporting Requirement / demo applicability mapping,DEMO_SYNTHETIC,Dates/statuses are synthetic; not official statutory determinations
CMP-M003-015,M003,CLS-01,Mine Closure,Ministry of Coal,Mining Plan & Mine Closure Plan,Progressive/final mine closure obligations,ALL,QUARTERLY,2025-07-15,2026-09-25,2026-09-15,Mine Planning Officer,DUE_SOON,MEDIUM,Closure progress evidence,Mining Plan & Mine Closure Plan / demo applicability mapping,DEMO_SYNTHETIC,Dates/statuses are synthetic; not official statutory determinations
CMP-M004-001,M004,SAF-01,Safety,DGMS,"Coal Mines Regulations, 2017",General mine safety inspection & statutory records,ALL,MONTHLY,2025-08-14,2027-02-07,2026-12-24,Safety Officer,COMPLIANT,LOW,Inspection records,"Coal Mines Regulations, 2017 / demo applicability mapping",DEMO_SYNTHETIC,Dates/statuses are synthetic; not official statutory determinations
CMP-M004-002,M004,SAF-02,Safety,DGMS,"Mines Vocational Training Rules, 1966",Vocational/refresher training validity,ALL,MONTHLY,2026-05-01,2026-12-13,2027-06-27,Training Officer,COMPLIANT,MEDIUM,Training certificates,"Mines Vocational Training Rules, 1966 / demo applicability mapping",DEMO_SYNTHETIC,Dates/statuses are synthetic; not official statutory determinations
CMP-M004-003,M004,SAF-03,Safety,DGMS,"Mines Rescue Rules, 1985",Emergency/rescue preparedness review,"UNDERGROUND,MIXED",QUARTERLY,2025-11-19,2026-08-14,2026-10-13,Safety Officer,OVERDUE,HIGH,Mock drill/rescue records,"Mines Rescue Rules, 1985 / demo applicability mapping",DEMO_SYNTHETIC,Dates/statuses are synthetic; not official statutory determinations
CMP-M004-004,M004,SAF-04,Safety,DGMS,"Coal Mines Regulations, 2017",Ventilation and mine-air monitoring review,"UNDERGROUND,MIXED",WEEKLY,2025-11-20,2026-09-16,2026-12-13,Ventilation Officer,DUE_SOON,HIGH,Gas/ventilation records,"Coal Mines Regulations, 2017 / demo applicability mapping",DEMO_SYNTHETIC,Dates/statuses are synthetic; not official statutory determinations
CMP-M004-005,M004,SAF-05,Safety,DGMS,"Coal Mines Regulations, 2017",Strata/roof support inspection,"UNDERGROUND,MIXED",WEEKLY,2026-04-26,2027-02-08,2027-03-22,Safety Officer,COMPLIANT,MEDIUM,Strata evidence,"Coal Mines Regulations, 2017 / demo applicability mapping",DEMO_SYNTHETIC,Dates/statuses are synthetic; not official statutory determinations
CMP-M004-006,M004,SAF-06,Safety,DGMS,"Coal Mines Regulations, 2017",Slope/dump/highwall safety inspection,"OPENCAST,MIXED",WEEKLY,2025-12-13,,,Safety Officer,NOT_APPLICABLE,LOW,Geotechnical evidence,"Coal Mines Regulations, 2017 / demo applicability mapping",DEMO_SYNTHETIC,Dates/statuses are synthetic; not official statutory determinations
CMP-M004-007,M004,ENV-01,Environment,MoEFCC/PARIVESH,Environmental Clearance Conditions,Environmental clearance condition compliance,ALL,HALF_YEARLY,2025-11-23,2026-12-17,2027-04-04,Environment Officer,COMPLIANT,MEDIUM,EC compliance report,Environmental Clearance Conditions / demo applicability mapping,DEMO_SYNTHETIC,Dates/statuses are synthetic; not official statutory determinations
CMP-M004-008,M004,ENV-02,Environment,State Pollution Control Board,Consent to Operate Conditions,Consent to Operate validity/conditions,ALL,ANNUAL,2026-06-15,2026-11-27,2026-12-24,Environment Officer,COMPLIANT,LOW,CTO certificate,Consent to Operate Conditions / demo applicability mapping,DEMO_SYNTHETIC,Dates/statuses are synthetic; not official statutory determinations
CMP-M004-009,M004,ENV-03,Environment,State Pollution Control Board,Environmental Monitoring Programme,Ambient air quality monitoring,ALL,FORTNIGHTLY,2025-04-21,2026-09-06,2026-10-24,Environment Officer,DUE_SOON,HIGH,Air monitoring report,Environmental Monitoring Programme / demo applicability mapping,DEMO_SYNTHETIC,Dates/statuses are synthetic; not official statutory determinations
CMP-M004-010,M004,ENV-04,Environment,State Pollution Control Board,Environmental Monitoring Programme,Mine-water quality monitoring,ALL,FORTNIGHTLY,2025-11-01,2026-12-02,2027-06-16,Environment Officer,COMPLIANT,LOW,Water analysis report,Environmental Monitoring Programme / demo applicability mapping,DEMO_SYNTHETIC,Dates/statuses are synthetic; not official statutory determinations
CMP-M004-011,M004,LAB-01,Labour,DGMS / Labour Compliance,Mine Worker Fitness & Welfare Requirements,Worker fitness validity review,ALL,MONTHLY,2025-12-04,2026-09-03,2027-01-29,HR Officer,DUE_SOON,HIGH,Fitness validity record,Mine Worker Fitness & Welfare Requirements / demo applicability mapping,DEMO_SYNTHETIC,Dates/statuses are synthetic; not official statutory determinations
CMP-M004-012,M004,LAB-02,Labour,DGMS / Labour Compliance,Training & Competency Requirements,Worker competency/certificate validity,ALL,MONTHLY,2025-06-27,2026-09-16,2026-10-31,HR Officer,DUE_SOON,MEDIUM,Competency certificate,Training & Competency Requirements / demo applicability mapping,DEMO_SYNTHETIC,Dates/statuses are synthetic; not official statutory determinations
CMP-M004-013,M004,CON-01,Contractor,Mine Management,Contractor Safety Management,Contractor training/PPE/licence compliance,ALL,MONTHLY,2025-08-21,2026-09-27,2027-01-24,Contractor Manager,DUE_SOON,MEDIUM,Contractor compliance pack,Contractor Safety Management / demo applicability mapping,DEMO_SYNTHETIC,Dates/statuses are synthetic; not official statutory determinations
CMP-M004-014,M004,PRO-01,Production,Ministry of Coal / Coal Controller,Production Reporting Requirement,Daily/monthly production reporting,"OPERATING,REOPENING",MONTHLY,2025-11-25,2026-09-08,2026-10-30,Production Officer,DUE_SOON,HIGH,Production statement,Production Reporting Requirement / demo applicability mapping,DEMO_SYNTHETIC,Dates/statuses are synthetic; not official statutory determinations
CMP-M004-015,M004,CLS-01,Mine Closure,Ministry of Coal,Mining Plan & Mine Closure Plan,Progressive/final mine closure obligations,ALL,QUARTERLY,2026-05-14,2026-11-27,2027-04-01,Mine Planning Officer,COMPLIANT,LOW,Closure progress evidence,Mining Plan & Mine Closure Plan / demo applicability mapping,DEMO_SYNTHETIC,Dates/statuses are synthetic; not official statutory determinations
CMP-M005-001,M005,SAF-01,Safety,DGMS,"Coal Mines Regulations, 2017",General mine safety inspection & statutory records,ALL,MONTHLY,2026-01-27,2026-11-27,2026-12-23,Safety Officer,COMPLIANT,MEDIUM,Inspection records,"Coal Mines Regulations, 2017 / demo applicability mapping",DEMO_SYNTHETIC,Dates/statuses are synthetic; not official statutory determinations
CMP-M005-002,M005,SAF-02,Safety,DGMS,"Mines Vocational Training Rules, 1966",Vocational/refresher training validity,ALL,MONTHLY,2026-06-26,2026-11-19,2027-04-22,Training Officer,COMPLIANT,LOW,Training certificates,"Mines Vocational Training Rules, 1966 / demo applicability mapping",DEMO_SYNTHETIC,Dates/statuses are synthetic; not official statutory determinations
CMP-M005-003,M005,SAF-03,Safety,DGMS,"Mines Rescue Rules, 1985",Emergency/rescue preparedness review,"UNDERGROUND,MIXED",QUARTERLY,2026-03-19,,,Safety Officer,NOT_APPLICABLE,LOW,Mock drill/rescue records,"Mines Rescue Rules, 1985 / demo applicability mapping",DEMO_SYNTHETIC,Dates/statuses are synthetic; not official statutory determinations
CMP-M005-004,M005,SAF-04,Safety,DGMS,"Coal Mines Regulations, 2017",Ventilation and mine-air monitoring review,"UNDERGROUND,MIXED",WEEKLY,2025-08-30,,,Ventilation Officer,NOT_APPLICABLE,LOW,Gas/ventilation records,"Coal Mines Regulations, 2017 / demo applicability mapping",DEMO_SYNTHETIC,Dates/statuses are synthetic; not official statutory determinations
CMP-M005-005,M005,SAF-05,Safety,DGMS,"Coal Mines Regulations, 2017",Strata/roof support inspection,"UNDERGROUND,MIXED",WEEKLY,2025-06-11,,,Safety Officer,NOT_APPLICABLE,LOW,Strata evidence,"Coal Mines Regulations, 2017 / demo applicability mapping",DEMO_SYNTHETIC,Dates/statuses are synthetic; not official statutory determinations
CMP-M005-006,M005,SAF-06,Safety,DGMS,"Coal Mines Regulations, 2017",Slope/dump/highwall safety inspection,"OPENCAST,MIXED",WEEKLY,2025-12-16,2026-10-07,2027-05-15,Safety Officer,COMPLIANT,MEDIUM,Geotechnical evidence,"Coal Mines Regulations, 2017 / demo applicability mapping",DEMO_SYNTHETIC,Dates/statuses are synthetic; not official statutory determinations
CMP-M005-007,M005,ENV-01,Environment,MoEFCC/PARIVESH,Environmental Clearance Conditions,Environmental clearance condition compliance,ALL,HALF_YEARLY,2025-11-23,2026-10-11,2027-03-08,Environment Officer,COMPLIANT,LOW,EC compliance report,Environmental Clearance Conditions / demo applicability mapping,DEMO_SYNTHETIC,Dates/statuses are synthetic; not official statutory determinations
CMP-M005-008,M005,ENV-02,Environment,State Pollution Control Board,Consent to Operate Conditions,Consent to Operate validity/conditions,ALL,ANNUAL,2026-01-19,2027-02-24,2027-03-29,Environment Officer,COMPLIANT,MEDIUM,CTO certificate,Consent to Operate Conditions / demo applicability mapping,DEMO_SYNTHETIC,Dates/statuses are synthetic; not official statutory determinations
CMP-M005-009,M005,ENV-03,Environment,State Pollution Control Board,Environmental Monitoring Programme,Ambient air quality monitoring,ALL,FORTNIGHTLY,2026-05-17,2027-02-01,2027-09-01,Environment Officer,COMPLIANT,MEDIUM,Air monitoring report,Environmental Monitoring Programme / demo applicability mapping,DEMO_SYNTHETIC,Dates/statuses are synthetic; not official statutory determinations
CMP-M005-010,M005,ENV-04,Environment,State Pollution Control Board,Environmental Monitoring Programme,Mine-water quality monitoring,ALL,FORTNIGHTLY,2025-09-13,2026-11-09,2027-04-08,Environment Officer,COMPLIANT,MEDIUM,Water analysis report,Environmental Monitoring Programme / demo applicability mapping,DEMO_SYNTHETIC,Dates/statuses are synthetic; not official statutory determinations
CMP-M005-011,M005,LAB-01,Labour,DGMS / Labour Compliance,Mine Worker Fitness & Welfare Requirements,Worker fitness validity review,ALL,MONTHLY,2026-03-01,2027-01-15,2027-01-30,HR Officer,COMPLIANT,LOW,Fitness validity record,Mine Worker Fitness & Welfare Requirements / demo applicability mapping,DEMO_SYNTHETIC,Dates/statuses are synthetic; not official statutory determinations
CMP-M005-012,M005,LAB-02,Labour,DGMS / Labour Compliance,Training & Competency Requirements,Worker competency/certificate validity,ALL,MONTHLY,2026-01-19,2026-12-17,2027-03-31,HR Officer,COMPLIANT,MEDIUM,Competency certificate,Training & Competency Requirements / demo applicability mapping,DEMO_SYNTHETIC,Dates/statuses are synthetic; not official statutory determinations
CMP-M005-013,M005,CON-01,Contractor,Mine Management,Contractor Safety Management,Contractor training/PPE/licence compliance,ALL,MONTHLY,2025-12-31,2026-09-04,2026-10-03,Contractor Manager,DUE_SOON,MEDIUM,Contractor compliance pack,Contractor Safety Management / demo applicability mapping,DEMO_SYNTHETIC,Dates/statuses are synthetic; not official statutory determinations
CMP-M005-014,M005,PRO-01,Production,Ministry of Coal / Coal Controller,Production Reporting Requirement,Daily/monthly production reporting,"OPERATING,REOPENING",MONTHLY,2025-06-01,2026-10-08,2027-05-06,Production Officer,COMPLIANT,MEDIUM,Production statement,Production Reporting Requirement / demo applicability mapping,DEMO_SYNTHETIC,Dates/statuses are synthetic; not official statutory determinations
CMP-M005-015,M005,CLS-01,Mine Closure,Ministry of Coal,Mining Plan & Mine Closure Plan,Progressive/final mine closure obligations,ALL,QUARTERLY,2026-04-28,2027-01-31,2027-03-17,Mine Planning Officer,COMPLIANT,LOW,Closure progress evidence,Mining Plan & Mine Closure Plan / demo applicability mapping,DEMO_SYNTHETIC,Dates/statuses are synthetic; not official statutory determinations
CMP-M006-001,M006,SAF-01,Safety,DGMS,"Coal Mines Regulations, 2017",General mine safety inspection & statutory records,ALL,MONTHLY,2025-12-29,2026-12-06,2027-03-07,Safety Officer,COMPLIANT,LOW,Inspection records,"Coal Mines Regulations, 2017 / demo applicability mapping",DEMO_SYNTHETIC,Dates/statuses are synthetic; not official statutory determinations
CMP-M006-002,M006,SAF-02,Safety,DGMS,"Mines Vocational Training Rules, 1966",Vocational/refresher training validity,ALL,MONTHLY,2025-08-28,2027-01-03,2027-07-08,Training Officer,COMPLIANT,LOW,Training certificates,"Mines Vocational Training Rules, 1966 / demo applicability mapping",DEMO_SYNTHETIC,Dates/statuses are synthetic; not official statutory determinations
CMP-M006-003,M006,SAF-03,Safety,DGMS,"Mines Rescue Rules, 1985",Emergency/rescue preparedness review,"UNDERGROUND,MIXED",QUARTERLY,2026-04-10,2026-09-11,2026-11-25,Safety Officer,DUE_SOON,MEDIUM,Mock drill/rescue records,"Mines Rescue Rules, 1985 / demo applicability mapping",DEMO_SYNTHETIC,Dates/statuses are synthetic; not official statutory determinations
CMP-M006-004,M006,SAF-04,Safety,DGMS,"Coal Mines Regulations, 2017",Ventilation and mine-air monitoring review,"UNDERGROUND,MIXED",WEEKLY,2026-04-05,2026-10-23,2027-08-29,Ventilation Officer,COMPLIANT,MEDIUM,Gas/ventilation records,"Coal Mines Regulations, 2017 / demo applicability mapping",DEMO_SYNTHETIC,Dates/statuses are synthetic; not official statutory determinations
CMP-M006-005,M006,SAF-05,Safety,DGMS,"Coal Mines Regulations, 2017",Strata/roof support inspection,"UNDERGROUND,MIXED",WEEKLY,2025-08-21,2026-12-18,2027-09-02,Safety Officer,COMPLIANT,LOW,Strata evidence,"Coal Mines Regulations, 2017 / demo applicability mapping",DEMO_SYNTHETIC,Dates/statuses are synthetic; not official statutory determinations
CMP-M006-006,M006,SAF-06,Safety,DGMS,"Coal Mines Regulations, 2017",Slope/dump/highwall safety inspection,"OPENCAST,MIXED",WEEKLY,2026-06-24,2026-11-03,2026-12-03,Safety Officer,COMPLIANT,LOW,Geotechnical evidence,"Coal Mines Regulations, 2017 / demo applicability mapping",DEMO_SYNTHETIC,Dates/statuses are synthetic; not official statutory determinations
CMP-M006-007,M006,ENV-01,Environment,MoEFCC/PARIVESH,Environmental Clearance Conditions,Environmental clearance condition compliance,ALL,HALF_YEARLY,2026-07-11,2026-12-16,2027-05-14,Environment Officer,COMPLIANT,MEDIUM,EC compliance report,Environmental Clearance Conditions / demo applicability mapping,DEMO_SYNTHETIC,Dates/statuses are synthetic; not official statutory determinations
CMP-M006-008,M006,ENV-02,Environment,State Pollution Control Board,Consent to Operate Conditions,Consent to Operate validity/conditions,ALL,ANNUAL,2026-04-04,2026-09-11,2027-01-03,Environment Officer,DUE_SOON,HIGH,CTO certificate,Consent to Operate Conditions / demo applicability mapping,DEMO_SYNTHETIC,Dates/statuses are synthetic; not official statutory determinations
CMP-M006-009,M006,ENV-03,Environment,State Pollution Control Board,Environmental Monitoring Programme,Ambient air quality monitoring,ALL,FORTNIGHTLY,2026-01-13,2026-09-05,2026-12-04,Environment Officer,DUE_SOON,MEDIUM,Air monitoring report,Environmental Monitoring Programme / demo applicability mapping,DEMO_SYNTHETIC,Dates/statuses are synthetic; not official statutory determinations
CMP-M006-010,M006,ENV-04,Environment,State Pollution Control Board,Environmental Monitoring Programme,Mine-water quality monitoring,ALL,FORTNIGHTLY,2025-06-22,2027-01-03,2027-06-25,Environment Officer,COMPLIANT,MEDIUM,Water analysis report,Environmental Monitoring Programme / demo applicability mapping,DEMO_SYNTHETIC,Dates/statuses are synthetic; not official statutory determinations
CMP-M006-011,M006,LAB-01,Labour,DGMS / Labour Compliance,Mine Worker Fitness & Welfare Requirements,Worker fitness validity review,ALL,MONTHLY,2026-04-03,2026-08-20,2026-09-17,HR Officer,NON_COMPLIANT,HIGH,Fitness validity record,Mine Worker Fitness & Welfare Requirements / demo applicability mapping,DEMO_SYNTHETIC,Dates/statuses are synthetic; not official statutory determinations
CMP-M006-012,M006,LAB-02,Labour,DGMS / Labour Compliance,Training & Competency Requirements,Worker competency/certificate validity,ALL,MONTHLY,2026-04-15,2026-10-16,2027-01-16,HR Officer,COMPLIANT,LOW,Competency certificate,Training & Competency Requirements / demo applicability mapping,DEMO_SYNTHETIC,Dates/statuses are synthetic; not official statutory determinations
CMP-M006-013,M006,CON-01,Contractor,Mine Management,Contractor Safety Management,Contractor training/PPE/licence compliance,ALL,MONTHLY,2026-04-04,2026-12-20,2027-04-21,Contractor Manager,COMPLIANT,MEDIUM,Contractor compliance pack,Contractor Safety Management / demo applicability mapping,DEMO_SYNTHETIC,Dates/statuses are synthetic; not official statutory determinations
CMP-M006-014,M006,PRO-01,Production,Ministry of Coal / Coal Controller,Production Reporting Requirement,Daily/monthly production reporting,"OPERATING,REOPENING",MONTHLY,2025-09-26,2026-12-28,2027-02-17,Production Officer,COMPLIANT,MEDIUM,Production statement,Production Reporting Requirement / demo applicability mapping,DEMO_SYNTHETIC,Dates/statuses are synthetic; not official statutory determinations
CMP-M006-015,M006,CLS-01,Mine Closure,Ministry of Coal,Mining Plan & Mine Closure Plan,Progressive/final mine closure obligations,ALL,QUARTERLY,2026-03-06,2027-02-07,2027-03-29,Mine Planning Officer,COMPLIANT,LOW,Closure progress evidence,Mining Plan & Mine Closure Plan / demo applicability mapping,DEMO_SYNTHETIC,Dates/statuses are synthetic; not official statutory determinations
CMP-M007-001,M007,SAF-01,Safety,DGMS,"Coal Mines Regulations, 2017",General mine safety inspection & statutory records,ALL,MONTHLY,2025-11-09,2026-10-11,2027-08-10,Safety Officer,COMPLIANT,MEDIUM,Inspection records,"Coal Mines Regulations, 2017 / demo applicability mapping",DEMO_SYNTHETIC,Dates/statuses are synthetic; not official statutory determinations
CMP-M007-002,M007,SAF-02,Safety,DGMS,"Mines Vocational Training Rules, 1966",Vocational/refresher training validity,ALL,MONTHLY,2025-05-04,2026-09-05,2026-12-23,Training Officer,DUE_SOON,HIGH,Training certificates,"Mines Vocational Training Rules, 1966 / demo applicability mapping",DEMO_SYNTHETIC,Dates/statuses are synthetic; not official statutory determinations
CMP-M007-003,M007,SAF-03,Safety,DGMS,"Mines Rescue Rules, 1985",Emergency/rescue preparedness review,"UNDERGROUND,MIXED",QUARTERLY,2026-07-12,2027-01-26,2026-12-24,Safety Officer,COMPLIANT,LOW,Mock drill/rescue records,"Mines Rescue Rules, 1985 / demo applicability mapping",DEMO_SYNTHETIC,Dates/statuses are synthetic; not official statutory determinations
CMP-M007-004,M007,SAF-04,Safety,DGMS,"Coal Mines Regulations, 2017",Ventilation and mine-air monitoring review,"UNDERGROUND,MIXED",WEEKLY,2026-03-20,2026-10-23,2027-01-26,Ventilation Officer,COMPLIANT,LOW,Gas/ventilation records,"Coal Mines Regulations, 2017 / demo applicability mapping",DEMO_SYNTHETIC,Dates/statuses are synthetic; not official statutory determinations
CMP-M007-005,M007,SAF-05,Safety,DGMS,"Coal Mines Regulations, 2017",Strata/roof support inspection,"UNDERGROUND,MIXED",WEEKLY,2026-07-10,2026-11-03,2027-03-27,Safety Officer,COMPLIANT,MEDIUM,Strata evidence,"Coal Mines Regulations, 2017 / demo applicability mapping",DEMO_SYNTHETIC,Dates/statuses are synthetic; not official statutory determinations
CMP-M007-006,M007,SAF-06,Safety,DGMS,"Coal Mines Regulations, 2017",Slope/dump/highwall safety inspection,"OPENCAST,MIXED",WEEKLY,2026-05-12,,,Safety Officer,NOT_APPLICABLE,LOW,Geotechnical evidence,"Coal Mines Regulations, 2017 / demo applicability mapping",DEMO_SYNTHETIC,Dates/statuses are synthetic; not official statutory determinations
CMP-M007-007,M007,ENV-01,Environment,MoEFCC/PARIVESH,Environmental Clearance Conditions,Environmental clearance condition compliance,ALL,HALF_YEARLY,2025-07-06,2026-10-29,2027-01-20,Environment Officer,COMPLIANT,LOW,EC compliance report,Environmental Clearance Conditions / demo applicability mapping,DEMO_SYNTHETIC,Dates/statuses are synthetic; not official statutory determinations
CMP-M007-008,M007,ENV-02,Environment,State Pollution Control Board,Consent to Operate Conditions,Consent to Operate validity/conditions,ALL,ANNUAL,2025-05-13,2027-01-21,2027-05-28,Environment Officer,COMPLIANT,LOW,CTO certificate,Consent to Operate Conditions / demo applicability mapping,DEMO_SYNTHETIC,Dates/statuses are synthetic; not official statutory determinations
CMP-M007-009,M007,ENV-03,Environment,State Pollution Control Board,Environmental Monitoring Programme,Ambient air quality monitoring,ALL,FORTNIGHTLY,2026-07-29,2027-02-10,2027-06-25,Environment Officer,COMPLIANT,LOW,Air monitoring report,Environmental Monitoring Programme / demo applicability mapping,DEMO_SYNTHETIC,Dates/statuses are synthetic; not official statutory determinations
CMP-M007-010,M007,ENV-04,Environment,State Pollution Control Board,Environmental Monitoring Programme,Mine-water quality monitoring,ALL,FORTNIGHTLY,2025-04-24,2027-01-04,2027-06-29,Environment Officer,COMPLIANT,LOW,Water analysis report,Environmental Monitoring Programme / demo applicability mapping,DEMO_SYNTHETIC,Dates/statuses are synthetic; not official statutory determinations
CMP-M007-011,M007,LAB-01,Labour,DGMS / Labour Compliance,Mine Worker Fitness & Welfare Requirements,Worker fitness validity review,ALL,MONTHLY,2025-08-30,2026-10-03,2027-08-17,HR Officer,COMPLIANT,MEDIUM,Fitness validity record,Mine Worker Fitness & Welfare Requirements / demo applicability mapping,DEMO_SYNTHETIC,Dates/statuses are synthetic; not official statutory determinations
CMP-M007-012,M007,LAB-02,Labour,DGMS / Labour Compliance,Training & Competency Requirements,Worker competency/certificate validity,ALL,MONTHLY,2025-05-18,2027-02-03,2027-04-27,HR Officer,COMPLIANT,LOW,Competency certificate,Training & Competency Requirements / demo applicability mapping,DEMO_SYNTHETIC,Dates/statuses are synthetic; not official statutory determinations
CMP-M007-013,M007,CON-01,Contractor,Mine Management,Contractor Safety Management,Contractor training/PPE/licence compliance,ALL,MONTHLY,2025-07-08,2026-10-27,2027-06-19,Contractor Manager,COMPLIANT,MEDIUM,Contractor compliance pack,Contractor Safety Management / demo applicability mapping,DEMO_SYNTHETIC,Dates/statuses are synthetic; not official statutory determinations
CMP-M007-014,M007,PRO-01,Production,Ministry of Coal / Coal Controller,Production Reporting Requirement,Daily/monthly production reporting,"OPERATING,REOPENING",MONTHLY,2025-12-16,2026-09-06,2027-01-22,Production Officer,DUE_SOON,HIGH,Production statement,Production Reporting Requirement / demo applicability mapping,DEMO_SYNTHETIC,Dates/statuses are synthetic; not official statutory determinations
CMP-M007-015,M007,CLS-01,Mine Closure,Ministry of Coal,Mining Plan & Mine Closure Plan,Progressive/final mine closure obligations,ALL,QUARTERLY,2025-08-18,2026-12-22,2027-03-06,Mine Planning Officer,COMPLIANT,MEDIUM,Closure progress evidence,Mining Plan & Mine Closure Plan / demo applicability mapping,DEMO_SYNTHETIC,Dates/statuses are synthetic; not official statutory determinations
CMP-M008-001,M008,SAF-01,Safety,DGMS,"Coal Mines Regulations, 2017",General mine safety inspection & statutory records,ALL,MONTHLY,2026-02-25,2026-10-07,2027-01-29,Safety Officer,COMPLIANT,LOW,Inspection records,"Coal Mines Regulations, 2017 / demo applicability mapping",DEMO_SYNTHETIC,Dates/statuses are synthetic; not official statutory determinations
CMP-M008-002,M008,SAF-02,Safety,DGMS,"Mines Vocational Training Rules, 1966",Vocational/refresher training validity,ALL,MONTHLY,2025-12-11,2027-01-26,2027-06-28,Training Officer,COMPLIANT,LOW,Training certificates,"Mines Vocational Training Rules, 1966 / demo applicability mapping",DEMO_SYNTHETIC,Dates/statuses are synthetic; not official statutory determinations
CMP-M008-003,M008,SAF-03,Safety,DGMS,"Mines Rescue Rules, 1985",Emergency/rescue preparedness review,"UNDERGROUND,MIXED",QUARTERLY,2026-04-16,,,Safety Officer,NOT_APPLICABLE,LOW,Mock drill/rescue records,"Mines Rescue Rules, 1985 / demo applicability mapping",DEMO_SYNTHETIC,Dates/statuses are synthetic; not official statutory determinations
CMP-M008-004,M008,SAF-04,Safety,DGMS,"Coal Mines Regulations, 2017",Ventilation and mine-air monitoring review,"UNDERGROUND,MIXED",WEEKLY,2026-02-14,,,Ventilation Officer,NOT_APPLICABLE,LOW,Gas/ventilation records,"Coal Mines Regulations, 2017 / demo applicability mapping",DEMO_SYNTHETIC,Dates/statuses are synthetic; not official statutory determinations
CMP-M008-005,M008,SAF-05,Safety,DGMS,"Coal Mines Regulations, 2017",Strata/roof support inspection,"UNDERGROUND,MIXED",WEEKLY,2026-01-08,,,Safety Officer,NOT_APPLICABLE,LOW,Strata evidence,"Coal Mines Regulations, 2017 / demo applicability mapping",DEMO_SYNTHETIC,Dates/statuses are synthetic; not official statutory determinations
CMP-M008-006,M008,SAF-06,Safety,DGMS,"Coal Mines Regulations, 2017",Slope/dump/highwall safety inspection,"OPENCAST,MIXED",WEEKLY,2025-05-27,2026-11-18,2027-05-11,Safety Officer,COMPLIANT,MEDIUM,Geotechnical evidence,"Coal Mines Regulations, 2017 / demo applicability mapping",DEMO_SYNTHETIC,Dates/statuses are synthetic; not official statutory determinations
CMP-M008-007,M008,ENV-01,Environment,MoEFCC/PARIVESH,Environmental Clearance Conditions,Environmental clearance condition compliance,ALL,HALF_YEARLY,2026-04-02,2026-11-11,2027-07-10,Environment Officer,COMPLIANT,MEDIUM,EC compliance report,Environmental Clearance Conditions / demo applicability mapping,DEMO_SYNTHETIC,Dates/statuses are synthetic; not official statutory determinations
CMP-M008-008,M008,ENV-02,Environment,State Pollution Control Board,Consent to Operate Conditions,Consent to Operate validity/conditions,ALL,ANNUAL,2026-06-08,2027-01-29,2027-08-21,Environment Officer,COMPLIANT,MEDIUM,CTO certificate,Consent to Operate Conditions / demo applicability mapping,DEMO_SYNTHETIC,Dates/statuses are synthetic; not official statutory determinations
CMP-M008-009,M008,ENV-03,Environment,State Pollution Control Board,Environmental Monitoring Programme,Ambient air quality monitoring,ALL,FORTNIGHTLY,2026-05-29,2026-12-01,2027-05-16,Environment Officer,COMPLIANT,LOW,Air monitoring report,Environmental Monitoring Programme / demo applicability mapping,DEMO_SYNTHETIC,Dates/statuses are synthetic; not official statutory determinations
CMP-M008-010,M008,ENV-04,Environment,State Pollution Control Board,Environmental Monitoring Programme,Mine-water quality monitoring,ALL,FORTNIGHTLY,2025-08-16,2027-02-06,2027-08-07,Environment Officer,COMPLIANT,MEDIUM,Water analysis report,Environmental Monitoring Programme / demo applicability mapping,DEMO_SYNTHETIC,Dates/statuses are synthetic; not official statutory determinations
CMP-M008-011,M008,LAB-01,Labour,DGMS / Labour Compliance,Mine Worker Fitness & Welfare Requirements,Worker fitness validity review,ALL,MONTHLY,2026-05-04,2026-11-17,2027-05-19,HR Officer,COMPLIANT,MEDIUM,Fitness validity record,Mine Worker Fitness & Welfare Requirements / demo applicability mapping,DEMO_SYNTHETIC,Dates/statuses are synthetic; not official statutory determinations
CMP-M008-012,M008,LAB-02,Labour,DGMS / Labour Compliance,Training & Competency Requirements,Worker competency/certificate validity,ALL,MONTHLY,2026-04-20,2026-11-20,2027-02-02,HR Officer,COMPLIANT,LOW,Competency certificate,Training & Competency Requirements / demo applicability mapping,DEMO_SYNTHETIC,Dates/statuses are synthetic; not official statutory determinations
CMP-M008-013,M008,CON-01,Contractor,Mine Management,Contractor Safety Management,Contractor training/PPE/licence compliance,ALL,MONTHLY,2025-04-30,2027-01-26,2026-12-25,Contractor Manager,COMPLIANT,MEDIUM,Contractor compliance pack,Contractor Safety Management / demo applicability mapping,DEMO_SYNTHETIC,Dates/statuses are synthetic; not official statutory determinations
CMP-M008-014,M008,PRO-01,Production,Ministry of Coal / Coal Controller,Production Reporting Requirement,Daily/monthly production reporting,"OPERATING,REOPENING",MONTHLY,2026-06-30,2027-02-15,2027-02-20,Production Officer,COMPLIANT,LOW,Production statement,Production Reporting Requirement / demo applicability mapping,DEMO_SYNTHETIC,Dates/statuses are synthetic; not official statutory determinations
CMP-M008-015,M008,CLS-01,Mine Closure,Ministry of Coal,Mining Plan & Mine Closure Plan,Progressive/final mine closure obligations,ALL,QUARTERLY,2025-12-25,2027-02-17,2027-08-15,Mine Planning Officer,COMPLIANT,LOW,Closure progress evidence,Mining Plan & Mine Closure Plan / demo applicability mapping,DEMO_SYNTHETIC,Dates/statuses are synthetic; not official statutory determinations
CMP-M009-001,M009,SAF-01,Safety,DGMS,"Coal Mines Regulations, 2017",General mine safety inspection & statutory records,ALL,MONTHLY,2026-01-25,2027-01-28,2027-01-28,Safety Officer,COMPLIANT,MEDIUM,Inspection records,"Coal Mines Regulations, 2017 / demo applicability mapping",DEMO_SYNTHETIC,Dates/statuses are synthetic; not official statutory determinations
CMP-M009-002,M009,SAF-02,Safety,DGMS,"Mines Vocational Training Rules, 1966",Vocational/refresher training validity,ALL,MONTHLY,2026-02-06,2026-10-05,2027-07-03,Training Officer,COMPLIANT,MEDIUM,Training certificates,"Mines Vocational Training Rules, 1966 / demo applicability mapping",DEMO_SYNTHETIC,Dates/statuses are synthetic; not official statutory determinations
CMP-M009-003,M009,SAF-03,Safety,DGMS,"Mines Rescue Rules, 1985",Emergency/rescue preparedness review,"UNDERGROUND,MIXED",QUARTERLY,2026-07-10,2026-10-08,2027-07-21,Safety Officer,COMPLIANT,LOW,Mock drill/rescue records,"Mines Rescue Rules, 1985 / demo applicability mapping",DEMO_SYNTHETIC,Dates/statuses are synthetic; not official statutory determinations
CMP-M009-004,M009,SAF-04,Safety,DGMS,"Coal Mines Regulations, 2017",Ventilation and mine-air monitoring review,"UNDERGROUND,MIXED",WEEKLY,2025-04-30,2026-11-12,2027-02-09,Ventilation Officer,COMPLIANT,LOW,Gas/ventilation records,"Coal Mines Regulations, 2017 / demo applicability mapping",DEMO_SYNTHETIC,Dates/statuses are synthetic; not official statutory determinations
CMP-M009-005,M009,SAF-05,Safety,DGMS,"Coal Mines Regulations, 2017",Strata/roof support inspection,"UNDERGROUND,MIXED",WEEKLY,2026-02-16,2026-12-07,2027-08-02,Safety Officer,COMPLIANT,MEDIUM,Strata evidence,"Coal Mines Regulations, 2017 / demo applicability mapping",DEMO_SYNTHETIC,Dates/statuses are synthetic; not official statutory determinations
CMP-M009-006,M009,SAF-06,Safety,DGMS,"Coal Mines Regulations, 2017",Slope/dump/highwall safety inspection,"OPENCAST,MIXED",WEEKLY,2026-03-21,2026-11-10,2027-05-16,Safety Officer,COMPLIANT,LOW,Geotechnical evidence,"Coal Mines Regulations, 2017 / demo applicability mapping",DEMO_SYNTHETIC,Dates/statuses are synthetic; not official statutory determinations
CMP-M009-007,M009,ENV-01,Environment,MoEFCC/PARIVESH,Environmental Clearance Conditions,Environmental clearance condition compliance,ALL,HALF_YEARLY,2025-07-18,2026-12-30,2026-12-19,Environment Officer,COMPLIANT,MEDIUM,EC compliance report,Environmental Clearance Conditions / demo applicability mapping,DEMO_SYNTHETIC,Dates/statuses are synthetic; not official statutory determinations
CMP-M009-008,M009,ENV-02,Environment,State Pollution Control Board,Consent to Operate Conditions,Consent to Operate validity/conditions,ALL,ANNUAL,2025-09-19,2026-11-08,2027-09-01,Environment Officer,COMPLIANT,LOW,CTO certificate,Consent to Operate Conditions / demo applicability mapping,DEMO_SYNTHETIC,Dates/statuses are synthetic; not official statutory determinations
CMP-M009-009,M009,ENV-03,Environment,State Pollution Control Board,Environmental Monitoring Programme,Ambient air quality monitoring,ALL,FORTNIGHTLY,2025-05-28,2027-03-01,2027-07-13,Environment Officer,COMPLIANT,MEDIUM,Air monitoring report,Environmental Monitoring Programme / demo applicability mapping,DEMO_SYNTHETIC,Dates/statuses are synthetic; not official statutory determinations
CMP-M009-010,M009,ENV-04,Environment,State Pollution Control Board,Environmental Monitoring Programme,Mine-water quality monitoring,ALL,FORTNIGHTLY,2026-02-26,2027-01-04,2027-03-06,Environment Officer,COMPLIANT,MEDIUM,Water analysis report,Environmental Monitoring Programme / demo applicability mapping,DEMO_SYNTHETIC,Dates/statuses are synthetic; not official statutory determinations
CMP-M009-011,M009,LAB-01,Labour,DGMS / Labour Compliance,Mine Worker Fitness & Welfare Requirements,Worker fitness validity review,ALL,MONTHLY,2026-05-14,2027-01-30,2027-05-23,HR Officer,COMPLIANT,MEDIUM,Fitness validity record,Mine Worker Fitness & Welfare Requirements / demo applicability mapping,DEMO_SYNTHETIC,Dates/statuses are synthetic; not official statutory determinations
CMP-M009-012,M009,LAB-02,Labour,DGMS / Labour Compliance,Training & Competency Requirements,Worker competency/certificate validity,ALL,MONTHLY,2026-04-26,2027-01-23,2026-12-30,HR Officer,COMPLIANT,LOW,Competency certificate,Training & Competency Requirements / demo applicability mapping,DEMO_SYNTHETIC,Dates/statuses are synthetic; not official statutory determinations
CMP-M009-013,M009,CON-01,Contractor,Mine Management,Contractor Safety Management,Contractor training/PPE/licence compliance,ALL,MONTHLY,2026-02-24,2027-02-28,2027-03-24,Contractor Manager,COMPLIANT,MEDIUM,Contractor compliance pack,Contractor Safety Management / demo applicability mapping,DEMO_SYNTHETIC,Dates/statuses are synthetic; not official statutory determinations
CMP-M009-014,M009,PRO-01,Production,Ministry of Coal / Coal Controller,Production Reporting Requirement,Daily/monthly production reporting,"OPERATING,REOPENING",MONTHLY,2025-10-16,,,Production Officer,NOT_APPLICABLE,LOW,Production statement,Production Reporting Requirement / demo applicability mapping,DEMO_SYNTHETIC,Dates/statuses are synthetic; not official statutory determinations
CMP-M009-015,M009,CLS-01,Mine Closure,Ministry of Coal,Mining Plan & Mine Closure Plan,Progressive/final mine closure obligations,ALL,QUARTERLY,2026-04-08,2026-10-28,2027-05-31,Mine Planning Officer,COMPLIANT,LOW,Closure progress evidence,Mining Plan & Mine Closure Plan / demo applicability mapping,DEMO_SYNTHETIC,Dates/statuses are synthetic; not official statutory determinations
CMP-M010-001,M010,SAF-01,Safety,DGMS,"Coal Mines Regulations, 2017",General mine safety inspection & statutory records,ALL,MONTHLY,2025-05-01,2026-12-10,2027-04-01,Safety Officer,COMPLIANT,LOW,Inspection records,"Coal Mines Regulations, 2017 / demo applicability mapping",DEMO_SYNTHETIC,Dates/statuses are synthetic; not official statutory determinations
CMP-M010-002,M010,SAF-02,Safety,DGMS,"Mines Vocational Training Rules, 1966",Vocational/refresher training validity,ALL,MONTHLY,2026-07-04,2027-01-13,2027-04-07,Training Officer,COMPLIANT,LOW,Training certificates,"Mines Vocational Training Rules, 1966 / demo applicability mapping",DEMO_SYNTHETIC,Dates/statuses are synthetic; not official statutory determinations
CMP-M010-003,M010,SAF-03,Safety,DGMS,"Mines Rescue Rules, 1985",Emergency/rescue preparedness review,"UNDERGROUND,MIXED",QUARTERLY,2025-06-17,2026-12-21,2027-07-07,Safety Officer,COMPLIANT,LOW,Mock drill/rescue records,"Mines Rescue Rules, 1985 / demo applicability mapping",DEMO_SYNTHETIC,Dates/statuses are synthetic; not official statutory determinations
CMP-M010-004,M010,SAF-04,Safety,DGMS,"Coal Mines Regulations, 2017",Ventilation and mine-air monitoring review,"UNDERGROUND,MIXED",WEEKLY,2026-02-03,2026-10-11,2027-02-21,Ventilation Officer,COMPLIANT,LOW,Gas/ventilation records,"Coal Mines Regulations, 2017 / demo applicability mapping",DEMO_SYNTHETIC,Dates/statuses are synthetic; not official statutory determinations
CMP-M010-005,M010,SAF-05,Safety,DGMS,"Coal Mines Regulations, 2017",Strata/roof support inspection,"UNDERGROUND,MIXED",WEEKLY,2026-06-17,2026-12-13,2027-02-22,Safety Officer,COMPLIANT,LOW,Strata evidence,"Coal Mines Regulations, 2017 / demo applicability mapping",DEMO_SYNTHETIC,Dates/statuses are synthetic; not official statutory determinations
CMP-M010-006,M010,SAF-06,Safety,DGMS,"Coal Mines Regulations, 2017",Slope/dump/highwall safety inspection,"OPENCAST,MIXED",WEEKLY,2025-08-04,,,Safety Officer,NOT_APPLICABLE,LOW,Geotechnical evidence,"Coal Mines Regulations, 2017 / demo applicability mapping",DEMO_SYNTHETIC,Dates/statuses are synthetic; not official statutory determinations
CMP-M010-007,M010,ENV-01,Environment,MoEFCC/PARIVESH,Environmental Clearance Conditions,Environmental clearance condition compliance,ALL,HALF_YEARLY,2025-08-18,2026-12-12,2027-01-06,Environment Officer,COMPLIANT,MEDIUM,EC compliance report,Environmental Clearance Conditions / demo applicability mapping,DEMO_SYNTHETIC,Dates/statuses are synthetic; not official statutory determinations
CMP-M010-008,M010,ENV-02,Environment,State Pollution Control Board,Consent to Operate Conditions,Consent to Operate validity/conditions,ALL,ANNUAL,2026-04-10,2027-02-27,2027-07-09,Environment Officer,COMPLIANT,LOW,CTO certificate,Consent to Operate Conditions / demo applicability mapping,DEMO_SYNTHETIC,Dates/statuses are synthetic; not official statutory determinations
CMP-M010-009,M010,ENV-03,Environment,State Pollution Control Board,Environmental Monitoring Programme,Ambient air quality monitoring,ALL,FORTNIGHTLY,2026-04-12,2026-11-01,2027-02-17,Environment Officer,COMPLIANT,MEDIUM,Air monitoring report,Environmental Monitoring Programme / demo applicability mapping,DEMO_SYNTHETIC,Dates/statuses are synthetic; not official statutory determinations
CMP-M010-010,M010,ENV-04,Environment,State Pollution Control Board,Environmental Monitoring Programme,Mine-water quality monitoring,ALL,FORTNIGHTLY,2025-12-28,2026-11-08,2027-01-02,Environment Officer,COMPLIANT,MEDIUM,Water analysis report,Environmental Monitoring Programme / demo applicability mapping,DEMO_SYNTHETIC,Dates/statuses are synthetic; not official statutory determinations
CMP-M010-011,M010,LAB-01,Labour,DGMS / Labour Compliance,Mine Worker Fitness & Welfare Requirements,Worker fitness validity review,ALL,MONTHLY,2025-06-05,2027-01-18,2027-07-25,HR Officer,COMPLIANT,MEDIUM,Fitness validity record,Mine Worker Fitness & Welfare Requirements / demo applicability mapping,DEMO_SYNTHETIC,Dates/statuses are synthetic; not official statutory determinations
CMP-M010-012,M010,LAB-02,Labour,DGMS / Labour Compliance,Training & Competency Requirements,Worker competency/certificate validity,ALL,MONTHLY,2025-07-22,2027-02-10,2027-07-09,HR Officer,COMPLIANT,LOW,Competency certificate,Training & Competency Requirements / demo applicability mapping,DEMO_SYNTHETIC,Dates/statuses are synthetic; not official statutory determinations
CMP-M010-013,M010,CON-01,Contractor,Mine Management,Contractor Safety Management,Contractor training/PPE/licence compliance,ALL,MONTHLY,2026-01-16,2026-10-27,2027-05-29,Contractor Manager,COMPLIANT,LOW,Contractor compliance pack,Contractor Safety Management / demo applicability mapping,DEMO_SYNTHETIC,Dates/statuses are synthetic; not official statutory determinations
CMP-M010-014,M010,PRO-01,Production,Ministry of Coal / Coal Controller,Production Reporting Requirement,Daily/monthly production reporting,"OPERATING,REOPENING",MONTHLY,2025-05-08,,,Production Officer,NOT_APPLICABLE,LOW,Production statement,Production Reporting Requirement / demo applicability mapping,DEMO_SYNTHETIC,Dates/statuses are synthetic; not official statutory determinations
CMP-M010-015,M010,CLS-01,Mine Closure,Ministry of Coal,Mining Plan & Mine Closure Plan,Progressive/final mine closure obligations,ALL,QUARTERLY,2025-08-23,2027-02-04,2027-02-14,Mine Planning Officer,COMPLIANT,LOW,Closure progress evidence,Mining Plan & Mine Closure Plan / demo applicability mapping,DEMO_SYNTHETIC,Dates/statuses are synthetic; not official statutory determinations
CMP-M011-001,M011,SAF-01,Safety,DGMS,"Coal Mines Regulations, 2017",General mine safety inspection & statutory records,ALL,MONTHLY,2026-03-04,2026-12-29,2027-07-18,Safety Officer,COMPLIANT,LOW,Inspection records,"Coal Mines Regulations, 2017 / demo applicability mapping",DEMO_SYNTHETIC,Dates/statuses are synthetic; not official statutory determinations
CMP-M011-002,M011,SAF-02,Safety,DGMS,"Mines Vocational Training Rules, 1966",Vocational/refresher training validity,ALL,MONTHLY,2025-09-15,2026-10-24,2027-07-09,Training Officer,COMPLIANT,MEDIUM,Training certificates,"Mines Vocational Training Rules, 1966 / demo applicability mapping",DEMO_SYNTHETIC,Dates/statuses are synthetic; not official statutory determinations
CMP-M011-003,M011,SAF-03,Safety,DGMS,"Mines Rescue Rules, 1985",Emergency/rescue preparedness review,"UNDERGROUND,MIXED",QUARTERLY,2026-04-20,2026-12-15,2027-05-17,Safety Officer,COMPLIANT,LOW,Mock drill/rescue records,"Mines Rescue Rules, 1985 / demo applicability mapping",DEMO_SYNTHETIC,Dates/statuses are synthetic; not official statutory determinations
CMP-M011-004,M011,SAF-04,Safety,DGMS,"Coal Mines Regulations, 2017",Ventilation and mine-air monitoring review,"UNDERGROUND,MIXED",WEEKLY,2025-07-10,2027-01-07,2027-03-09,Ventilation Officer,COMPLIANT,LOW,Gas/ventilation records,"Coal Mines Regulations, 2017 / demo applicability mapping",DEMO_SYNTHETIC,Dates/statuses are synthetic; not official statutory determinations
CMP-M011-005,M011,SAF-05,Safety,DGMS,"Coal Mines Regulations, 2017",Strata/roof support inspection,"UNDERGROUND,MIXED",WEEKLY,2025-11-21,2026-09-08,2027-01-18,Safety Officer,DUE_SOON,MEDIUM,Strata evidence,"Coal Mines Regulations, 2017 / demo applicability mapping",DEMO_SYNTHETIC,Dates/statuses are synthetic; not official statutory determinations
CMP-M011-006,M011,SAF-06,Safety,DGMS,"Coal Mines Regulations, 2017",Slope/dump/highwall safety inspection,"OPENCAST,MIXED",WEEKLY,2026-05-22,2026-12-21,2027-06-02,Safety Officer,COMPLIANT,MEDIUM,Geotechnical evidence,"Coal Mines Regulations, 2017 / demo applicability mapping",DEMO_SYNTHETIC,Dates/statuses are synthetic; not official statutory determinations
CMP-M011-007,M011,ENV-01,Environment,MoEFCC/PARIVESH,Environmental Clearance Conditions,Environmental clearance condition compliance,ALL,HALF_YEARLY,2025-06-25,2026-09-15,2026-09-15,Environment Officer,DUE_SOON,MEDIUM,EC compliance report,Environmental Clearance Conditions / demo applicability mapping,DEMO_SYNTHETIC,Dates/statuses are synthetic; not official statutory determinations
CMP-M011-008,M011,ENV-02,Environment,State Pollution Control Board,Consent to Operate Conditions,Consent to Operate validity/conditions,ALL,ANNUAL,2025-07-19,2026-10-23,2027-03-03,Environment Officer,COMPLIANT,LOW,CTO certificate,Consent to Operate Conditions / demo applicability mapping,DEMO_SYNTHETIC,Dates/statuses are synthetic; not official statutory determinations
CMP-M011-009,M011,ENV-03,Environment,State Pollution Control Board,Environmental Monitoring Programme,Ambient air quality monitoring,ALL,FORTNIGHTLY,2025-12-18,2026-11-25,2027-08-28,Environment Officer,COMPLIANT,MEDIUM,Air monitoring report,Environmental Monitoring Programme / demo applicability mapping,DEMO_SYNTHETIC,Dates/statuses are synthetic; not official statutory determinations
CMP-M011-010,M011,ENV-04,Environment,State Pollution Control Board,Environmental Monitoring Programme,Mine-water quality monitoring,ALL,FORTNIGHTLY,2025-06-25,2027-02-09,2027-07-11,Environment Officer,COMPLIANT,LOW,Water analysis report,Environmental Monitoring Programme / demo applicability mapping,DEMO_SYNTHETIC,Dates/statuses are synthetic; not official statutory determinations
CMP-M011-011,M011,LAB-01,Labour,DGMS / Labour Compliance,Mine Worker Fitness & Welfare Requirements,Worker fitness validity review,ALL,MONTHLY,2026-03-20,2026-09-14,2026-09-23,HR Officer,DUE_SOON,HIGH,Fitness validity record,Mine Worker Fitness & Welfare Requirements / demo applicability mapping,DEMO_SYNTHETIC,Dates/statuses are synthetic; not official statutory determinations
CMP-M011-012,M011,LAB-02,Labour,DGMS / Labour Compliance,Training & Competency Requirements,Worker competency/certificate validity,ALL,MONTHLY,2025-07-09,2027-02-07,2026-12-05,HR Officer,COMPLIANT,MEDIUM,Competency certificate,Training & Competency Requirements / demo applicability mapping,DEMO_SYNTHETIC,Dates/statuses are synthetic; not official statutory determinations
CMP-M011-013,M011,CON-01,Contractor,Mine Management,Contractor Safety Management,Contractor training/PPE/licence compliance,ALL,MONTHLY,2026-06-08,2027-01-01,2027-03-30,Contractor Manager,COMPLIANT,LOW,Contractor compliance pack,Contractor Safety Management / demo applicability mapping,DEMO_SYNTHETIC,Dates/statuses are synthetic; not official statutory determinations
CMP-M011-014,M011,PRO-01,Production,Ministry of Coal / Coal Controller,Production Reporting Requirement,Daily/monthly production reporting,"OPERATING,REOPENING",MONTHLY,2025-10-19,2026-10-11,2027-06-18,Production Officer,COMPLIANT,LOW,Production statement,Production Reporting Requirement / demo applicability mapping,DEMO_SYNTHETIC,Dates/statuses are synthetic; not official statutory determinations
CMP-M011-015,M011,CLS-01,Mine Closure,Ministry of Coal,Mining Plan & Mine Closure Plan,Progressive/final mine closure obligations,ALL,QUARTERLY,2026-05-15,2026-11-15,2027-02-22,Mine Planning Officer,COMPLIANT,LOW,Closure progress evidence,Mining Plan & Mine Closure Plan / demo applicability mapping,DEMO_SYNTHETIC,Dates/statuses are synthetic; not official statutory determinations
CMP-M012-001,M012,SAF-01,Safety,DGMS,"Coal Mines Regulations, 2017",General mine safety inspection & statutory records,ALL,MONTHLY,2025-07-02,2026-10-29,2027-03-20,Safety Officer,COMPLIANT,LOW,Inspection records,"Coal Mines Regulations, 2017 / demo applicability mapping",DEMO_SYNTHETIC,Dates/statuses are synthetic; not official statutory determinations
CMP-M012-002,M012,SAF-02,Safety,DGMS,"Mines Vocational Training Rules, 1966",Vocational/refresher training validity,ALL,MONTHLY,2025-10-10,2026-12-02,2027-04-11,Training Officer,COMPLIANT,MEDIUM,Training certificates,"Mines Vocational Training Rules, 1966 / demo applicability mapping",DEMO_SYNTHETIC,Dates/statuses are synthetic; not official statutory determinations
CMP-M012-003,M012,SAF-03,Safety,DGMS,"Mines Rescue Rules, 1985",Emergency/rescue preparedness review,"UNDERGROUND,MIXED",QUARTERLY,2025-08-29,,,Safety Officer,NOT_APPLICABLE,LOW,Mock drill/rescue records,"Mines Rescue Rules, 1985 / demo applicability mapping",DEMO_SYNTHETIC,Dates/statuses are synthetic; not official statutory determinations
CMP-M012-004,M012,SAF-04,Safety,DGMS,"Coal Mines Regulations, 2017",Ventilation and mine-air monitoring review,"UNDERGROUND,MIXED",WEEKLY,2026-07-25,,,Ventilation Officer,NOT_APPLICABLE,LOW,Gas/ventilation records,"Coal Mines Regulations, 2017 / demo applicability mapping",DEMO_SYNTHETIC,Dates/statuses are synthetic; not official statutory determinations
CMP-M012-005,M012,SAF-05,Safety,DGMS,"Coal Mines Regulations, 2017",Strata/roof support inspection,"UNDERGROUND,MIXED",WEEKLY,2025-11-02,,,Safety Officer,NOT_APPLICABLE,LOW,Strata evidence,"Coal Mines Regulations, 2017 / demo applicability mapping",DEMO_SYNTHETIC,Dates/statuses are synthetic; not official statutory determinations
CMP-M012-006,M012,SAF-06,Safety,DGMS,"Coal Mines Regulations, 2017",Slope/dump/highwall safety inspection,"OPENCAST,MIXED",WEEKLY,2026-06-11,2026-11-27,2027-06-22,Safety Officer,COMPLIANT,MEDIUM,Geotechnical evidence,"Coal Mines Regulations, 2017 / demo applicability mapping",DEMO_SYNTHETIC,Dates/statuses are synthetic; not official statutory determinations
CMP-M012-007,M012,ENV-01,Environment,MoEFCC/PARIVESH,Environmental Clearance Conditions,Environmental clearance condition compliance,ALL,HALF_YEARLY,2025-10-03,2027-02-02,2027-08-29,Environment Officer,COMPLIANT,LOW,EC compliance report,Environmental Clearance Conditions / demo applicability mapping,DEMO_SYNTHETIC,Dates/statuses are synthetic; not official statutory determinations
CMP-M012-008,M012,ENV-02,Environment,State Pollution Control Board,Consent to Operate Conditions,Consent to Operate validity/conditions,ALL,ANNUAL,2026-03-07,2027-01-29,2027-02-21,Environment Officer,COMPLIANT,MEDIUM,CTO certificate,Consent to Operate Conditions / demo applicability mapping,DEMO_SYNTHETIC,Dates/statuses are synthetic; not official statutory determinations
CMP-M012-009,M012,ENV-03,Environment,State Pollution Control Board,Environmental Monitoring Programme,Ambient air quality monitoring,ALL,FORTNIGHTLY,2025-11-09,2026-11-05,2026-12-19,Environment Officer,COMPLIANT,LOW,Air monitoring report,Environmental Monitoring Programme / demo applicability mapping,DEMO_SYNTHETIC,Dates/statuses are synthetic; not official statutory determinations
CMP-M012-010,M012,ENV-04,Environment,State Pollution Control Board,Environmental Monitoring Programme,Mine-water quality monitoring,ALL,FORTNIGHTLY,2025-10-21,2027-02-15,2027-02-14,Environment Officer,COMPLIANT,MEDIUM,Water analysis report,Environmental Monitoring Programme / demo applicability mapping,DEMO_SYNTHETIC,Dates/statuses are synthetic; not official statutory determinations
CMP-M012-011,M012,LAB-01,Labour,DGMS / Labour Compliance,Mine Worker Fitness & Welfare Requirements,Worker fitness validity review,ALL,MONTHLY,2026-07-26,2026-12-23,2027-08-06,HR Officer,COMPLIANT,MEDIUM,Fitness validity record,Mine Worker Fitness & Welfare Requirements / demo applicability mapping,DEMO_SYNTHETIC,Dates/statuses are synthetic; not official statutory determinations
CMP-M012-012,M012,LAB-02,Labour,DGMS / Labour Compliance,Training & Competency Requirements,Worker competency/certificate validity,ALL,MONTHLY,2026-06-17,2026-11-12,2027-03-09,HR Officer,COMPLIANT,LOW,Competency certificate,Training & Competency Requirements / demo applicability mapping,DEMO_SYNTHETIC,Dates/statuses are synthetic; not official statutory determinations
CMP-M012-013,M012,CON-01,Contractor,Mine Management,Contractor Safety Management,Contractor training/PPE/licence compliance,ALL,MONTHLY,2026-06-05,2027-01-03,2026-12-12,Contractor Manager,COMPLIANT,MEDIUM,Contractor compliance pack,Contractor Safety Management / demo applicability mapping,DEMO_SYNTHETIC,Dates/statuses are synthetic; not official statutory determinations
CMP-M012-014,M012,PRO-01,Production,Ministry of Coal / Coal Controller,Production Reporting Requirement,Daily/monthly production reporting,"OPERATING,REOPENING",MONTHLY,2026-06-05,,,Production Officer,NOT_APPLICABLE,LOW,Production statement,Production Reporting Requirement / demo applicability mapping,DEMO_SYNTHETIC,Dates/statuses are synthetic; not official statutory determinations
CMP-M012-015,M012,CLS-01,Mine Closure,Ministry of Coal,Mining Plan & Mine Closure Plan,Progressive/final mine closure obligations,ALL,QUARTERLY,2025-11-29,2026-12-10,2027-03-06,Mine Planning Officer,COMPLIANT,MEDIUM,Closure progress evidence,Mining Plan & Mine Closure Plan / demo applicability mapping,DEMO_SYNTHETIC,Dates/statuses are synthetic; not official statutory determinations
