contractor_id,mine_id,contractor_name,work_type,contract_start,contract_end,licence_expiry,insurance_expiry,worker_count,training_compliance_pct,ppe_compliance_pct,medical_compliance_pct,open_violations,incidents,overdue_actions,contractor_risk_score,status,data_source
CTR-0001,M001,Demo Contractor M001-1,Underground Development,2026-03-27,2027-04-04,2027-03-12,2027-01-17,21,83,81,87,2,3,3,71,HIGH_RISK,DEMO_SYNTHETIC
CTR-0002,M001,Demo Contractor M001-2,Drilling & Blasting,2025-06-05,2027-03-23,2027-02-07,2027-02-16,52,74,70,82,4,3,2,100,HIGH_RISK,DEMO_SYNTHETIC
CTR-0003,M001,Demo Contractor M001-3,Coal Transport,2024-06-08,2027-03-31,2027-07-09,2027-03-06,58,82,79,85,4,1,3,68,WATCH,DEMO_SYNTHETIC
CTR-0004,M002,Demo Contractor M002-1,Coal Transport,2025-03-07,2028-02-14,2027-04-04,2027-07-20,28,87,86,94,2,2,2,42,ACTIVE,DEMO_SYNTHETIC
CTR-0005,M002,Demo Contractor M002-2,Coal Transport,2025-07-18,2027-01-28,2027-02-05,2027-06-14,57,85,94,98,2,0,1,42,ACTIVE,DEMO_SYNTHETIC
CTR-0006,M002,Demo Contractor M002-3,Underground Development,2024-12-12,2028-02-22,2027-06-17,2027-04-01,57,85,90,96,3,0,2,43,ACTIVE,DEMO_SYNTHETIC
CTR-0007,M003,Demo Contractor M003-1,Drilling & Blasting,2025-11-06,2027-04-30,2026-10-28,2026-09-12,59,98,98,97,0,0,0,22,ACTIVE,DEMO_SYNTHETIC
CTR-0008,M003,Demo Contractor M003-2,Underground Development,2024-06-27,2027-10-14,2026-12-08,2027-02-09,60,89,85,96,4,1,2,42,ACTIVE,DEMO_SYNTHETIC
CTR-0009,M003,Demo Contractor M003-3,Overburden Removal,2025-06-11,2028-01-15,2027-02-22,2027-10-23,63,95,82,98,1,0,2,39,ACTIVE,DEMO_SYNTHETIC
CTR-0010,M004,Demo Contractor M004-1,Coal Transport,2024-04-14,2027-11-23,2027-01-28,2027-09-23,42,90,91,89,2,0,1,47,ACTIVE,DEMO_SYNTHETIC
CTR-0011,M004,Demo Contractor M004-2,Coal Transport,2026-05-02,2027-11-16,2027-02-17,2027-02-26,32,76,80,93,6,3,2,76,HIGH_RISK,DEMO_SYNTHETIC
CTR-0012,M004,Demo Contractor M004-3,Civil Works,2025-07-24,2027-10-16,2027-01-02,2027-05-27,38,86,94,90,4,2,0,40,ACTIVE,DEMO_SYNTHETIC
CTR-0013,M005,Demo Contractor M005-1,Coal Transport,2025-01-12,2026-11-24,2026-10-29,2027-07-05,55,87,89,95,2,0,2,39,ACTIVE,DEMO_SYNTHETIC
CTR-0014,M005,Demo Contractor M005-2,Electrical Maintenance,2024-08-03,2028-06-13,2026-09-26,2027-09-24,64,85,85,93,4,1,0,40,ACTIVE,DEMO_SYNTHETIC
CTR-0015,M005,Demo Contractor M005-3,Drilling & Blasting,2025-12-31,2027-01-14,2026-12-24,2027-06-01,17,90,83,98,1,1,0,41,ACTIVE,DEMO_SYNTHETIC
CTR-0016,M006,Demo Contractor M006-1,Overburden Removal,2026-02-27,2027-12-04,2027-08-16,2027-01-02,18,80,74,86,5,1,3,69,WATCH,DEMO_SYNTHETIC
CTR-0017,M006,Demo Contractor M006-2,Overburden Removal,2024-04-18,2028-06-01,2027-04-20,2027-09-23,14,88,89,91,0,0,0,35,ACTIVE,DEMO_SYNTHETIC
CTR-0018,M006,Demo Contractor M006-3,Drilling & Blasting,2025-01-13,2027-07-19,2027-07-30,2027-09-29,34,86,73,82,4,2,1,86,HIGH_RISK,DEMO_SYNTHETIC
CTR-0019,M007,Demo Contractor M007-1,Coal Transport,2025-01-06,2028-01-02,2027-03-14,2026-11-07,56,79,68,91,5,1,2,78,HIGH_RISK,DEMO_SYNTHETIC
CTR-0020,M007,Demo Contractor M007-2,Drilling & Blasting,2024-07-01,2027-06-04,2027-02-23,2026-12-23,18,100,94,99,1,1,0,25,ACTIVE,DEMO_SYNTHETIC
CTR-0021,M007,Demo Contractor M007-3,Drilling & Blasting,2025-08-20,2026-11-13,2027-05-14,2027-10-13,27,84,82,97,3,1,2,50,WATCH,DEMO_SYNTHETIC
CTR-0022,M008,Demo Contractor M008-1,Civil Works,2024-11-23,2027-08-20,2027-06-17,2027-05-26,26,90,94,100,0,1,0,27,ACTIVE,DEMO_SYNTHETIC
CTR-0023,M008,Demo Contractor M008-2,Drilling & Blasting,2025-12-29,2027-05-26,2027-07-11,2027-02-13,51,89,90,97,1,0,1,37,ACTIVE,DEMO_SYNTHETIC
CTR-0024,M008,Demo Contractor M008-3,Civil Works,2025-07-18,2027-01-06,2026-09-20,2027-05-17,23,100,89,98,1,1,2,30,ACTIVE,DEMO_SYNTHETIC
CTR-0025,M009,Demo Contractor M009-1,Underground Development,2025-06-26,2026-11-14,2026-08-14,2027-06-09,41,100,95,95,0,0,0,10,ACTIVE,DEMO_SYNTHETIC
CTR-0026,M009,Demo Contractor M009-2,Overburden Removal,2026-05-12,2026-11-02,2026-09-15,2026-12-29,23,96,100,100,0,0,0,10,ACTIVE,DEMO_SYNTHETIC
CTR-0027,M009,Demo Contractor M009-3,Underground Development,2025-08-10,2028-06-18,2027-02-14,2027-01-29,45,100,95,97,2,0,1,32,ACTIVE,DEMO_SYNTHETIC
CTR-0028,M010,Demo Contractor M010-1,Civil Works,2026-01-06,2027-09-28,2027-03-10,2026-11-01,46,96,80,96,2,2,2,44,ACTIVE,DEMO_SYNTHETIC
CTR-0029,M010,Demo Contractor M010-2,Overburden Removal,2024-04-26,2026-11-27,2026-10-01,2027-06-07,14,88,93,93,2,1,1,41,ACTIVE,DEMO_SYNTHETIC
CTR-0030,M010,Demo Contractor M010-3,Electrical Maintenance,2025-03-14,2028-05-03,2026-11-14,2027-05-17,65,85,81,90,1,1,2,40,ACTIVE,DEMO_SYNTHETIC
CTR-0031,M011,Demo Contractor M011-1,Underground Development,2024-12-26,2028-03-03,2026-10-27,2027-04-22,63,88,82,96,1,1,0,38,ACTIVE,DEMO_SYNTHETIC
CTR-0032,M011,Demo Contractor M011-2,Coal Transport,2025-01-26,2028-05-08,2026-09-02,2026-09-29,12,92,80,90,2,1,2,52,WATCH,DEMO_SYNTHETIC
CTR-0033,M011,Demo Contractor M011-3,Drilling & Blasting,2024-05-18,2028-05-18,2026-08-18,2026-11-26,48,95,88,91,1,2,1,50,WATCH,DEMO_SYNTHETIC
CTR-0034,M012,Demo Contractor M012-1,Coal Transport,2024-09-20,2027-02-09,2027-06-24,2027-07-03,60,100,93,99,0,0,0,16,ACTIVE,DEMO_SYNTHETIC
CTR-0035,M012,Demo Contractor M012-2,Underground Development,2025-08-16,2026-12-22,2026-08-29,2026-10-06,62,93,91,95,1,1,1,30,ACTIVE,DEMO_SYNTHETIC
CTR-0036,M012,Demo Contractor M012-3,Civil Works,2024-11-24,2027-04-26,2027-08-04,2027-10-21,27,96,100,100,0,0,1,13,ACTIVE,DEMO_SYNTHETIC
