worker_id,mine_id,contractor_id,employee_type,name,role,department,shift,competency,training_valid_until,training_status,fitness_valid_until,fitness_status,ppe_status,attendance_status,work_area,created_at,data_source
WRK-00001,M001,,EMPLOYEE,Demo Worker WRK-00001,Fitter,Mechanical,A,TRAINEE,2027-10-02,VALID,2026-12-23,VALID,COMPLIANT,ABSENT,Haul Road,2024-02-01,DEMO_SYNTHETIC
WRK-00002,M001,CTR-0003,CONTRACTOR,Demo Worker WRK-00002,Survey Assistant,Environment,C,SUPERVISED,2026-08-05,EXPIRED,2027-03-22,VALID,COMPLIANT,PRESENT,Panel-2,2024-03-26,DEMO_SYNTHETIC
WRK-00003,M001,CTR-0001,CONTRACTOR,Demo Worker WRK-00003,General Worker,Electrical,B,SUPERVISED,2027-09-13,VALID,2026-09-30,DUE_SOON,NON_COMPLIANT,PRESENT,Coal Face,2025-03-03,DEMO_SYNTHETIC
WRK-00004,M001,,EMPLOYEE,Demo Worker WRK-00004,Excavator Operator,Operations,B,TRAINEE,2027-08-03,VALID,2027-02-02,VALID,NON_COMPLIANT,PRESENT,Haul Road,2023-06-18,DEMO_SYNTHETIC
WRK-00005,M001,CTR-0001,CONTRACTOR,Demo Worker WRK-00005,General Worker,Environment,B,COMPETENT,2026-12-03,VALID,2027-05-24,VALID,PARTIAL,ABSENT,Panel-1,2026-03-20,DEMO_SYNTHETIC
WRK-00006,M001,,EMPLOYEE,Demo Worker WRK-00006,Fitter,Safety,A,SUPERVISED,2027-10-08,VALID,2026-08-09,EXPIRED,COMPLIANT,OFF_SHIFT,Haul Road,2024-08-13,DEMO_SYNTHETIC
WRK-00007,M001,CTR-0002,CONTRACTOR,Demo Worker WRK-00007,Electrician,Operations,B,SUPERVISED,2027-05-14,VALID,2026-08-03,EXPIRED,COMPLIANT,PRESENT,Haul Road,2023-08-02,DEMO_SYNTHETIC
WRK-00008,M001,CTR-0001,CONTRACTOR,Demo Worker WRK-00008,Excavator Operator,Operations,A,TRAINEE,2027-03-30,VALID,2027-06-17,VALID,COMPLIANT,LEAVE,Coal Face,2024-10-20,DEMO_SYNTHETIC
WRK-00009,M001,,EMPLOYEE,Demo Worker WRK-00009,Excavator Operator,Electrical,A,TRAINEE,2026-12-10,VALID,2027-08-14,VALID,COMPLIANT,PRESENT,Haul Road,2024-05-28,DEMO_SYNTHETIC
WRK-00010,M001,,EMPLOYEE,Demo Worker WRK-00010,Excavator Operator,Production,B,SUPERVISED,2027-09-30,VALID,2026-08-20,EXPIRED,COMPLIANT,ABSENT,Workshop,2023-11-02,DEMO_SYNTHETIC
WRK-00011,M001,,EMPLOYEE,Demo Worker WRK-00011,Safety Assistant,Operations,B,SUPERVISED,2027-10-01,VALID,2026-10-08,VALID,COMPLIANT,PRESENT,West Dump,2025-02-13,DEMO_SYNTHETIC
WRK-00012,M001,,EMPLOYEE,Demo Worker WRK-00012,Fitter,Safety,A,TRAINEE,2027-04-14,VALID,2027-07-24,VALID,COMPLIANT,PRESENT,Panel-1,2026-04-15,DEMO_SYNTHETIC
WRK-00013,M001,CTR-0002,CONTRACTOR,Demo Worker WRK-00013,Dumper Operator,Environment,B,COMPETENT,2027-08-29,VALID,2027-04-24,VALID,COMPLIANT,OFF_SHIFT,West Dump,2025-08-02,DEMO_SYNTHETIC
WRK-00014,M001,CTR-0003,CONTRACTOR,Demo Worker WRK-00014,Dumper Operator,Mechanical,C,SUPERVISED,2027-09-02,VALID,2026-12-25,VALID,COMPLIANT,PRESENT,Coal Face,2025-06-21,DEMO_SYNTHETIC
WRK-00015,M001,,EMPLOYEE,Demo Worker WRK-00015,Excavator Operator,Production,C,COMPETENT,2026-11-30,VALID,2027-04-25,VALID,COMPLIANT,PRESENT,Panel-1,2024-02-24,DEMO_SYNTHETIC
WRK-00016,M001,CTR-0003,CONTRACTOR,Demo Worker WRK-00016,Survey Assistant,Mechanical,B,SUPERVISED,2027-10-26,VALID,2027-06-27,VALID,COMPLIANT,PRESENT,Panel-2,2025-07-31,DEMO_SYNTHETIC
WRK-00017,M001,,EMPLOYEE,Demo Worker WRK-00017,Dumper Operator,Safety,A,COMPETENT,2027-03-23,VALID,2026-10-07,VALID,COMPLIANT,PRESENT,Coal Face,2024-04-11,DEMO_SYNTHETIC
WRK-00018,M001,,EMPLOYEE,Demo Worker WRK-00018,Drill Operator,Production,C,COMPETENT,2027-04-05,VALID,2027-01-02,VALID,COMPLIANT,LEAVE,Workshop,2023-11-29,DEMO_SYNTHETIC
WRK-00019,M001,,EMPLOYEE,Demo Worker WRK-00019,Fitter,Mechanical,A,SUPERVISED,2027-10-05,VALID,2026-11-13,VALID,COMPLIANT,PRESENT,Surface Office,2023-12-24,DEMO_SYNTHETIC
WRK-00020,M001,,EMPLOYEE,Demo Worker WRK-00020,Survey Assistant,Production,B,SUPERVISED,2026-09-18,DUE_SOON,2027-03-02,VALID,COMPLIANT,PRESENT,Workshop,2023-07-15,DEMO_SYNTHETIC
WRK-00021,M001,,EMPLOYEE,Demo Worker WRK-00021,Excavator Operator,Mechanical,C,TRAINEE,2027-08-04,VALID,2026-11-22,VALID,COMPLIANT,PRESENT,Panel-2,2026-01-24,DEMO_SYNTHETIC
WRK-00022,M001,CTR-0002,CONTRACTOR,Demo Worker WRK-00022,Excavator Operator,Mechanical,C,TRAINEE,2027-08-04,VALID,2026-09-08,DUE_SOON,COMPLIANT,PRESENT,Pit,2025-10-12,DEMO_SYNTHETIC
WRK-00023,M001,CTR-0003,CONTRACTOR,Demo Worker WRK-00023,General Worker,Operations,B,TRAINEE,2027-02-24,VALID,2026-12-23,VALID,COMPLIANT,OFF_SHIFT,West Dump,2024-06-27,DEMO_SYNTHETIC
WRK-00024,M001,,EMPLOYEE,Demo Worker WRK-00024,Excavator Operator,Environment,A,SUPERVISED,2027-06-24,VALID,2027-05-23,VALID,COMPLIANT,PRESENT,Haul Road,2024-07-13,DEMO_SYNTHETIC
WRK-00025,M001,,EMPLOYEE,Demo Worker WRK-00025,Safety Assistant,Operations,A,COMPETENT,2026-12-11,VALID,2027-07-20,VALID,COMPLIANT,PRESENT,Pit,2026-06-16,DEMO_SYNTHETIC
WRK-00026,M001,,EMPLOYEE,Demo Worker WRK-00026,Survey Assistant,Operations,C,SUPERVISED,2027-08-11,VALID,2026-10-07,VALID,COMPLIANT,OFF_SHIFT,Panel-2,2025-03-21,DEMO_SYNTHETIC
WRK-00027,M001,CTR-0001,CONTRACTOR,Demo Worker WRK-00027,Safety Assistant,Mechanical,B,COMPETENT,2026-11-10,VALID,2027-08-20,VALID,COMPLIANT,PRESENT,Surface Office,2024-12-14,DEMO_SYNTHETIC
WRK-00028,M001,,EMPLOYEE,Demo Worker WRK-00028,Excavator Operator,Operations,B,TRAINEE,2026-11-30,VALID,2026-11-09,VALID,COMPLIANT,ABSENT,Panel-1,2024-09-28,DEMO_SYNTHETIC
WRK-00029,M001,,EMPLOYEE,Demo Worker WRK-00029,Safety Assistant,Safety,B,COMPETENT,2027-09-07,VALID,2027-01-09,VALID,COMPLIANT,PRESENT,West Dump,2026-01-01,DEMO_SYNTHETIC
WRK-00030,M001,,EMPLOYEE,Demo Worker WRK-00030,Drill Operator,Operations,A,SUPERVISED,2027-08-17,VALID,2027-07-25,VALID,COMPLIANT,PRESENT,Panel-1,2026-03-08,DEMO_SYNTHETIC
WRK-00031,M001,,EMPLOYEE,Demo Worker WRK-00031,Drill Operator,Electrical,A,SUPERVISED,2027-06-03,VALID,2026-12-31,VALID,PARTIAL,PRESENT,Workshop,2024-04-21,DEMO_SYNTHETIC
WRK-00032,M001,,EMPLOYEE,Demo Worker WRK-00032,Fitter,Environment,B,SUPERVISED,2027-05-20,VALID,2026-12-13,VALID,COMPLIANT,PRESENT,Pit,2024-05-07,DEMO_SYNTHETIC
WRK-00033,M001,,EMPLOYEE,Demo Worker WRK-00033,General Worker,Safety,C,COMPETENT,2027-08-21,VALID,2026-12-12,VALID,COMPLIANT,PRESENT,Workshop,2025-04-14,DEMO_SYNTHETIC
WRK-00034,M001,,EMPLOYEE,Demo Worker WRK-00034,Electrician,Environment,C,TRAINEE,2026-08-30,EXPIRED,2026-11-11,VALID,COMPLIANT,PRESENT,West Dump,2026-03-13,DEMO_SYNTHETIC
WRK-00035,M001,,EMPLOYEE,Demo Worker WRK-00035,Dumper Operator,Operations,C,TRAINEE,2026-10-28,VALID,2026-11-11,VALID,COMPLIANT,PRESENT,Coal Face,2025-09-19,DEMO_SYNTHETIC
WRK-00036,M001,CTR-0002,CONTRACTOR,Demo Worker WRK-00036,Survey Assistant,Operations,C,SUPERVISED,2027-03-10,VALID,2026-12-12,VALID,COMPLIANT,PRESENT,Haul Road,2023-11-13,DEMO_SYNTHETIC
WRK-00037,M001,,EMPLOYEE,Demo Worker WRK-00037,Drill Operator,Electrical,A,COMPETENT,2027-09-25,VALID,2027-03-13,VALID,COMPLIANT,PRESENT,Surface Office,2024-06-13,DEMO_SYNTHETIC
WRK-00038,M001,CTR-0002,CONTRACTOR,Demo Worker WRK-00038,Fitter,Electrical,C,TRAINEE,2027-08-20,VALID,2027-02-19,VALID,COMPLIANT,PRESENT,Workshop,2025-01-10,DEMO_SYNTHETIC
WRK-00039,M001,CTR-0002,CONTRACTOR,Demo Worker WRK-00039,Excavator Operator,Safety,C,COMPETENT,2027-06-27,VALID,2026-11-22,VALID,NON_COMPLIANT,PRESENT,Surface Office,2024-01-09,DEMO_SYNTHETIC
WRK-00040,M001,,EMPLOYEE,Demo Worker WRK-00040,Drill Operator,Safety,A,TRAINEE,2027-10-14,VALID,2027-03-16,VALID,COMPLIANT,ABSENT,Panel-2,2025-01-27,DEMO_SYNTHETIC
WRK-00041,M001,,EMPLOYEE,Demo Worker WRK-00041,Safety Assistant,Electrical,B,TRAINEE,2027-03-09,VALID,2027-06-30,VALID,COMPLIANT,PRESENT,West Dump,2024-09-14,DEMO_SYNTHETIC
WRK-00042,M001,CTR-0003,CONTRACTOR,Demo Worker WRK-00042,Electrician,Electrical,C,TRAINEE,2027-08-08,VALID,2027-01-21,VALID,COMPLIANT,PRESENT,Panel-2,2025-03-11,DEMO_SYNTHETIC
WRK-00043,M001,,EMPLOYEE,Demo Worker WRK-00043,Electrician,Production,B,TRAINEE,2027-06-26,VALID,2026-12-14,VALID,COMPLIANT,PRESENT,West Dump,2023-07-10,DEMO_SYNTHETIC
WRK-00044,M001,CTR-0003,CONTRACTOR,Demo Worker WRK-00044,Excavator Operator,Mechanical,C,SUPERVISED,2027-09-27,VALID,2027-02-09,VALID,PARTIAL,OFF_SHIFT,Workshop,2024-07-25,DEMO_SYNTHETIC
WRK-00045,M001,CTR-0001,CONTRACTOR,Demo Worker WRK-00045,Safety Assistant,Mechanical,C,TRAINEE,2026-12-30,VALID,2027-04-22,VALID,PARTIAL,PRESENT,Haul Road,2024-05-20,DEMO_SYNTHETIC
WRK-00046,M002,,EMPLOYEE,Demo Worker WRK-00046,Safety Assistant,Mechanical,C,SUPERVISED,2027-01-25,VALID,2026-11-04,VALID,COMPLIANT,PRESENT,Surface Office,2023-12-29,DEMO_SYNTHETIC
WRK-00047,M002,,EMPLOYEE,Demo Worker WRK-00047,General Worker,Environment,C,TRAINEE,2027-09-22,VALID,2027-03-12,VALID,COMPLIANT,PRESENT,Haul Road,2025-05-10,DEMO_SYNTHETIC
WRK-00048,M002,CTR-0004,CONTRACTOR,Demo Worker WRK-00048,Electrician,Mechanical,B,TRAINEE,2027-09-14,VALID,2027-07-26,VALID,COMPLIANT,PRESENT,West Dump,2026-05-24,DEMO_SYNTHETIC
WRK-00049,M002,CTR-0006,CONTRACTOR,Demo Worker WRK-00049,Pump Operator,Electrical,A,COMPETENT,2027-09-09,VALID,2027-06-19,VALID,COMPLIANT,LEAVE,Workshop,2026-06-25,DEMO_SYNTHETIC
WRK-00050,M002,CTR-0006,CONTRACTOR,Demo Worker WRK-00050,Fitter,Production,B,COMPETENT,2026-08-31,EXPIRED,2027-04-07,VALID,PARTIAL,PRESENT,Surface Office,2026-03-28,DEMO_SYNTHETIC
WRK-00051,M002,CTR-0004,CONTRACTOR,Demo Worker WRK-00051,Pump Operator,Production,C,SUPERVISED,2027-04-08,VALID,2026-10-05,VALID,COMPLIANT,ABSENT,Workshop,2024-06-03,DEMO_SYNTHETIC
WRK-00052,M002,CTR-0006,CONTRACTOR,Demo Worker WRK-00052,Ventilation Assistant,Environment,C,COMPETENT,2027-03-31,VALID,2027-08-27,VALID,PARTIAL,OFF_SHIFT,Panel-1,2025-06-29,DEMO_SYNTHETIC
WRK-00053,M002,,EMPLOYEE,Demo Worker WRK-00053,Pump Operator,Operations,B,TRAINEE,2027-05-22,VALID,2027-01-05,VALID,COMPLIANT,PRESENT,Panel-2,2025-04-06,DEMO_SYNTHETIC
WRK-00054,M002,CTR-0004,CONTRACTOR,Demo Worker WRK-00054,Safety Assistant,Electrical,C,COMPETENT,2027-03-17,VALID,2027-04-04,VALID,PARTIAL,PRESENT,West Dump,2024-09-25,DEMO_SYNTHETIC
WRK-00055,M002,,EMPLOYEE,Demo Worker WRK-00055,Safety Assistant,Safety,B,SUPERVISED,2026-08-31,EXPIRED,2027-06-19,VALID,COMPLIANT,PRESENT,Panel-2,2024-01-31,DEMO_SYNTHETIC
WRK-00056,M002,,EMPLOYEE,Demo Worker WRK-00056,Pump Operator,Electrical,A,SUPERVISED,2027-09-29,VALID,2027-03-26,VALID,COMPLIANT,OFF_SHIFT,Pit,2024-08-31,DEMO_SYNTHETIC
WRK-00057,M002,,EMPLOYEE,Demo Worker WRK-00057,Fitter,Operations,B,COMPETENT,2026-07-20,EXPIRED,2027-09-01,VALID,COMPLIANT,PRESENT,Workshop,2025-09-12,DEMO_SYNTHETIC
WRK-00058,M002,,EMPLOYEE,Demo Worker WRK-00058,Fitter,Electrical,B,TRAINEE,2027-01-01,VALID,2027-08-18,VALID,COMPLIANT,PRESENT,Pit,2024-04-23,DEMO_SYNTHETIC
WRK-00059,M002,,EMPLOYEE,Demo Worker WRK-00059,Roof Bolter,Mechanical,B,COMPETENT,2026-08-21,EXPIRED,2027-03-14,VALID,COMPLIANT,PRESENT,Haul Road,2025-10-31,DEMO_SYNTHETIC
WRK-00060,M002,CTR-0004,CONTRACTOR,Demo Worker WRK-00060,Pump Operator,Production,C,SUPERVISED,2027-05-18,VALID,2026-12-18,VALID,COMPLIANT,PRESENT,Surface Office,2026-02-10,DEMO_SYNTHETIC
WRK-00061,M002,,EMPLOYEE,Demo Worker WRK-00061,Pump Operator,Electrical,C,TRAINEE,2027-07-19,VALID,2027-08-11,VALID,COMPLIANT,PRESENT,Panel-1,2026-04-03,DEMO_SYNTHETIC
WRK-00062,M002,,EMPLOYEE,Demo Worker WRK-00062,Pump Operator,Production,A,SUPERVISED,2027-08-25,VALID,2027-04-02,VALID,COMPLIANT,PRESENT,Coal Face,2025-12-10,DEMO_SYNTHETIC
WRK-00063,M002,CTR-0006,CONTRACTOR,Demo Worker WRK-00063,Electrician,Environment,C,COMPETENT,2027-01-21,VALID,2027-02-28,VALID,COMPLIANT,PRESENT,Panel-2,2023-11-26,DEMO_SYNTHETIC
WRK-00064,M002,CTR-0004,CONTRACTOR,Demo Worker WRK-00064,General Worker,Production,B,TRAINEE,2026-12-12,VALID,2026-09-27,DUE_SOON,COMPLIANT,OFF_SHIFT,Panel-2,2024-01-30,DEMO_SYNTHETIC
WRK-00065,M002,,EMPLOYEE,Demo Worker WRK-00065,Ventilation Assistant,Operations,A,SUPERVISED,2027-01-19,VALID,2027-01-20,VALID,COMPLIANT,PRESENT,Surface Office,2024-07-18,DEMO_SYNTHETIC
WRK-00066,M002,CTR-0006,CONTRACTOR,Demo Worker WRK-00066,General Worker,Safety,A,TRAINEE,2026-08-30,EXPIRED,2026-10-03,VALID,COMPLIANT,ABSENT,Panel-1,2024-02-28,DEMO_SYNTHETIC
WRK-00067,M002,,EMPLOYEE,Demo Worker WRK-00067,Electrician,Mechanical,B,TRAINEE,2026-12-23,VALID,2026-09-18,DUE_SOON,COMPLIANT,PRESENT,West Dump,2025-07-13,DEMO_SYNTHETIC
WRK-00068,M002,,EMPLOYEE,Demo Worker WRK-00068,Safety Assistant,Operations,B,TRAINEE,2027-10-22,VALID,2026-08-04,EXPIRED,PARTIAL,PRESENT,West Dump,2025-07-10,DEMO_SYNTHETIC
WRK-00069,M002,CTR-0006,CONTRACTOR,Demo Worker WRK-00069,Pump Operator,Production,A,SUPERVISED,2027-01-17,VALID,2027-01-20,VALID,COMPLIANT,PRESENT,Workshop,2023-11-19,DEMO_SYNTHETIC
WRK-00070,M002,CTR-0006,CONTRACTOR,Demo Worker WRK-00070,Fitter,Operations,B,TRAINEE,2026-08-13,EXPIRED,2027-02-26,VALID,COMPLIANT,ABSENT,Surface Office,2024-09-20,DEMO_SYNTHETIC
WRK-00071,M002,,EMPLOYEE,Demo Worker WRK-00071,Safety Assistant,Safety,A,TRAINEE,2026-12-25,VALID,2026-10-19,VALID,PARTIAL,OFF_SHIFT,Haul Road,2026-01-29,DEMO_SYNTHETIC
WRK-00072,M002,CTR-0006,CONTRACTOR,Demo Worker WRK-00072,Electrician,Mechanical,B,COMPETENT,2027-03-30,VALID,2027-07-01,VALID,COMPLIANT,PRESENT,Panel-1,2023-09-12,DEMO_SYNTHETIC
WRK-00073,M002,CTR-0004,CONTRACTOR,Demo Worker WRK-00073,Roof Bolter,Operations,A,COMPETENT,2026-10-18,VALID,2027-05-07,VALID,COMPLIANT,PRESENT,Surface Office,2024-03-30,DEMO_SYNTHETIC
WRK-00074,M002,CTR-0004,CONTRACTOR,Demo Worker WRK-00074,Safety Assistant,Production,A,TRAINEE,2027-08-28,VALID,2026-09-05,DUE_SOON,PARTIAL,PRESENT,Panel-1,2024-07-22,DEMO_SYNTHETIC
WRK-00075,M002,CTR-0004,CONTRACTOR,Demo Worker WRK-00075,Ventilation Assistant,Mechanical,B,TRAINEE,2027-01-07,VALID,2026-12-02,VALID,COMPLIANT,PRESENT,Workshop,2026-06-16,DEMO_SYNTHETIC
WRK-00076,M002,,EMPLOYEE,Demo Worker WRK-00076,General Worker,Mechanical,B,TRAINEE,2026-10-29,VALID,2027-09-02,VALID,PARTIAL,PRESENT,West Dump,2025-08-04,DEMO_SYNTHETIC
WRK-00077,M002,,EMPLOYEE,Demo Worker WRK-00077,General Worker,Safety,C,TRAINEE,2026-12-26,VALID,2026-11-08,VALID,COMPLIANT,ABSENT,West Dump,2026-06-07,DEMO_SYNTHETIC
WRK-00078,M002,CTR-0006,CONTRACTOR,Demo Worker WRK-00078,General Worker,Environment,C,SUPERVISED,2026-09-25,DUE_SOON,2026-12-25,VALID,COMPLIANT,PRESENT,Surface Office,2023-08-13,DEMO_SYNTHETIC
WRK-00079,M002,CTR-0005,CONTRACTOR,Demo Worker WRK-00079,Safety Assistant,Environment,B,COMPETENT,2026-10-15,VALID,2027-03-10,VALID,COMPLIANT,PRESENT,Panel-2,2025-08-26,DEMO_SYNTHETIC
WRK-00080,M002,CTR-0005,CONTRACTOR,Demo Worker WRK-00080,Safety Assistant,Production,C,TRAINEE,2026-08-31,EXPIRED,2026-08-21,EXPIRED,COMPLIANT,PRESENT,Coal Face,2024-07-20,DEMO_SYNTHETIC
WRK-00081,M002,,EMPLOYEE,Demo Worker WRK-00081,Ventilation Assistant,Environment,B,TRAINEE,2026-11-12,VALID,2026-08-14,EXPIRED,COMPLIANT,PRESENT,Coal Face,2025-03-10,DEMO_SYNTHETIC
WRK-00082,M002,CTR-0004,CONTRACTOR,Demo Worker WRK-00082,Ventilation Assistant,Operations,A,COMPETENT,2027-10-18,VALID,2027-03-22,VALID,COMPLIANT,PRESENT,Haul Road,2026-05-04,DEMO_SYNTHETIC
WRK-00083,M002,,EMPLOYEE,Demo Worker WRK-00083,Safety Assistant,Environment,A,SUPERVISED,2027-01-24,VALID,2027-01-28,VALID,COMPLIANT,ABSENT,Coal Face,2025-02-17,DEMO_SYNTHETIC
WRK-00084,M002,CTR-0006,CONTRACTOR,Demo Worker WRK-00084,Ventilation Assistant,Mechanical,A,COMPETENT,2027-10-23,VALID,2027-05-21,VALID,COMPLIANT,OFF_SHIFT,Workshop,2023-11-30,DEMO_SYNTHETIC
WRK-00085,M002,CTR-0006,CONTRACTOR,Demo Worker WRK-00085,Pump Operator,Environment,C,COMPETENT,2027-01-12,VALID,2026-10-28,VALID,PARTIAL,LEAVE,Panel-2,2026-02-23,DEMO_SYNTHETIC
WRK-00086,M002,CTR-0004,CONTRACTOR,Demo Worker WRK-00086,General Worker,Production,A,TRAINEE,2027-05-08,VALID,2027-01-21,VALID,NON_COMPLIANT,OFF_SHIFT,West Dump,2025-04-14,DEMO_SYNTHETIC
WRK-00087,M002,,EMPLOYEE,Demo Worker WRK-00087,Roof Bolter,Environment,A,COMPETENT,2027-09-30,VALID,2026-08-31,EXPIRED,NON_COMPLIANT,PRESENT,Workshop,2025-05-04,DEMO_SYNTHETIC
WRK-00088,M002,,EMPLOYEE,Demo Worker WRK-00088,Fitter,Operations,B,SUPERVISED,2026-11-08,VALID,2026-12-27,VALID,COMPLIANT,PRESENT,Panel-2,2025-08-26,DEMO_SYNTHETIC
WRK-00089,M002,CTR-0004,CONTRACTOR,Demo Worker WRK-00089,Ventilation Assistant,Electrical,A,SUPERVISED,2027-03-07,VALID,2027-07-22,VALID,NON_COMPLIANT,ABSENT,Panel-2,2025-06-14,DEMO_SYNTHETIC
WRK-00090,M002,,EMPLOYEE,Demo Worker WRK-00090,General Worker,Environment,C,SUPERVISED,2026-08-01,EXPIRED,2027-07-23,VALID,COMPLIANT,PRESENT,Panel-1,2024-05-26,DEMO_SYNTHETIC
WRK-00091,M003,,EMPLOYEE,Demo Worker WRK-00091,Drill Operator,Production,C,SUPERVISED,2026-12-13,VALID,2027-07-21,VALID,COMPLIANT,OFF_SHIFT,Coal Face,2025-09-25,DEMO_SYNTHETIC
WRK-00092,M003,CTR-0008,CONTRACTOR,Demo Worker WRK-00092,Survey Assistant,Electrical,C,COMPETENT,2026-07-24,EXPIRED,2027-02-13,VALID,COMPLIANT,PRESENT,Haul Road,2023-12-28,DEMO_SYNTHETIC
WRK-00093,M003,,EMPLOYEE,Demo Worker WRK-00093,Safety Assistant,Mechanical,B,SUPERVISED,2027-10-03,VALID,2026-10-18,VALID,COMPLIANT,PRESENT,Haul Road,2024-11-08,DEMO_SYNTHETIC
WRK-00094,M003,,EMPLOYEE,Demo Worker WRK-00094,General Worker,Safety,C,SUPERVISED,2027-08-10,VALID,2026-11-09,VALID,COMPLIANT,PRESENT,Panel-1,2024-10-12,DEMO_SYNTHETIC
WRK-00095,M003,,EMPLOYEE,Demo Worker WRK-00095,Drill Operator,Safety,B,TRAINEE,2027-07-17,VALID,2026-11-23,VALID,COMPLIANT,PRESENT,Panel-1,2024-01-15,DEMO_SYNTHETIC
WRK-00096,M003,CTR-0009,CONTRACTOR,Demo Worker WRK-00096,Survey Assistant,Environment,A,TRAINEE,2027-10-06,VALID,2027-07-26,VALID,COMPLIANT,LEAVE,West Dump,2026-01-30,DEMO_SYNTHETIC
WRK-00097,M003,CTR-0007,CONTRACTOR,Demo Worker WRK-00097,Electrician,Mechanical,A,COMPETENT,2026-11-18,VALID,2027-04-14,VALID,COMPLIANT,PRESENT,Panel-1,2023-08-24,DEMO_SYNTHETIC
WRK-00098,M003,,EMPLOYEE,Demo Worker WRK-00098,Excavator Operator,Production,B,COMPETENT,2027-01-10,VALID,2027-06-17,VALID,PARTIAL,ABSENT,Panel-1,2026-03-24,DEMO_SYNTHETIC
WRK-00099,M003,,EMPLOYEE,Demo Worker WRK-00099,Safety Assistant,Mechanical,C,SUPERVISED,2027-07-01,VALID,2027-04-10,VALID,COMPLIANT,PRESENT,Panel-2,2026-02-07,DEMO_SYNTHETIC
WRK-00100,M003,,EMPLOYEE,Demo Worker WRK-00100,Survey Assistant,Electrical,A,SUPERVISED,2027-04-16,VALID,2027-03-05,VALID,PARTIAL,PRESENT,Workshop,2026-01-11,DEMO_SYNTHETIC
WRK-00101,M003,,EMPLOYEE,Demo Worker WRK-00101,Fitter,Mechanical,B,TRAINEE,2027-05-25,VALID,2027-08-11,VALID,COMPLIANT,PRESENT,West Dump,2023-05-31,DEMO_SYNTHETIC
WRK-00102,M003,CTR-0009,CONTRACTOR,Demo Worker WRK-00102,Electrician,Safety,C,COMPETENT,2027-08-23,VALID,2026-11-15,VALID,COMPLIANT,PRESENT,Coal Face,2026-03-09,DEMO_SYNTHETIC
WRK-00103,M003,CTR-0007,CONTRACTOR,Demo Worker WRK-00103,Dumper Operator,Electrical,A,TRAINEE,2027-02-07,VALID,2026-08-25,EXPIRED,COMPLIANT,OFF_SHIFT,Coal Face,2024-11-18,DEMO_SYNTHETIC
WRK-00104,M003,,EMPLOYEE,Demo Worker WRK-00104,Dumper Operator,Mechanical,B,SUPERVISED,2026-12-08,VALID,2027-07-24,VALID,COMPLIANT,OFF_SHIFT,Haul Road,2023-06-23,DEMO_SYNTHETIC
WRK-00105,M003,,EMPLOYEE,Demo Worker WRK-00105,Drill Operator,Electrical,A,TRAINEE,2026-09-28,DUE_SOON,2026-11-01,VALID,PARTIAL,PRESENT,Panel-2,2026-01-11,DEMO_SYNTHETIC
WRK-00106,M003,CTR-0008,CONTRACTOR,Demo Worker WRK-00106,General Worker,Operations,A,TRAINEE,2027-03-12,VALID,2027-03-19,VALID,COMPLIANT,PRESENT,Haul Road,2025-09-12,DEMO_SYNTHETIC
WRK-00107,M003,,EMPLOYEE,Demo Worker WRK-00107,Fitter,Production,A,COMPETENT,2027-08-28,VALID,2027-05-23,VALID,PARTIAL,LEAVE,Panel-1,2026-03-06,DEMO_SYNTHETIC
WRK-00108,M003,,EMPLOYEE,Demo Worker WRK-00108,Electrician,Safety,B,COMPETENT,2027-08-08,VALID,2026-09-06,DUE_SOON,COMPLIANT,PRESENT,Haul Road,2026-01-02,DEMO_SYNTHETIC
WRK-00109,M003,,EMPLOYEE,Demo Worker WRK-00109,Fitter,Mechanical,C,COMPETENT,2027-06-30,VALID,2027-01-17,VALID,COMPLIANT,PRESENT,Surface Office,2024-08-17,DEMO_SYNTHETIC
WRK-00110,M003,,EMPLOYEE,Demo Worker WRK-00110,General Worker,Safety,A,SUPERVISED,2026-08-21,EXPIRED,2027-08-27,VALID,COMPLIANT,PRESENT,Coal Face,2026-02-06,DEMO_SYNTHETIC
WRK-00111,M003,,EMPLOYEE,Demo Worker WRK-00111,Fitter,Safety,B,TRAINEE,2026-07-27,EXPIRED,2027-05-10,VALID,COMPLIANT,PRESENT,Coal Face,2023-12-13,DEMO_SYNTHETIC
WRK-00112,M003,CTR-0008,CONTRACTOR,Demo Worker WRK-00112,Excavator Operator,Electrical,B,SUPERVISED,2026-07-24,EXPIRED,2026-11-26,VALID,PARTIAL,ABSENT,Workshop,2026-04-17,DEMO_SYNTHETIC
WRK-00113,M003,CTR-0009,CONTRACTOR,Demo Worker WRK-00113,Survey Assistant,Mechanical,B,COMPETENT,2027-06-30,VALID,2026-09-08,DUE_SOON,COMPLIANT,OFF_SHIFT,Panel-2,2025-12-26,DEMO_SYNTHETIC
WRK-00114,M003,,EMPLOYEE,Demo Worker WRK-00114,Drill Operator,Production,B,SUPERVISED,2026-10-26,VALID,2027-05-23,VALID,NON_COMPLIANT,PRESENT,Workshop,2023-07-07,DEMO_SYNTHETIC
WRK-00115,M003,,EMPLOYEE,Demo Worker WRK-00115,Survey Assistant,Environment,C,TRAINEE,2026-10-23,VALID,2027-03-31,VALID,PARTIAL,OFF_SHIFT,Workshop,2025-10-25,DEMO_SYNTHETIC
WRK-00116,M003,,EMPLOYEE,Demo Worker WRK-00116,Fitter,Safety,A,SUPERVISED,2027-09-06,VALID,2027-06-12,VALID,PARTIAL,PRESENT,Panel-2,2025-07-02,DEMO_SYNTHETIC
WRK-00117,M003,CTR-0009,CONTRACTOR,Demo Worker WRK-00117,Safety Assistant,Production,B,TRAINEE,2026-08-27,EXPIRED,2027-01-21,VALID,NON_COMPLIANT,PRESENT,Panel-2,2025-09-19,DEMO_SYNTHETIC
WRK-00118,M003,,EMPLOYEE,Demo Worker WRK-00118,Safety Assistant,Environment,B,COMPETENT,2027-08-02,VALID,2026-10-15,VALID,COMPLIANT,PRESENT,Panel-1,2025-06-25,DEMO_SYNTHETIC
WRK-00119,M003,CTR-0007,CONTRACTOR,Demo Worker WRK-00119,General Worker,Mechanical,C,COMPETENT,2026-10-31,VALID,2027-07-01,VALID,COMPLIANT,PRESENT,West Dump,2024-07-29,DEMO_SYNTHETIC
WRK-00120,M003,,EMPLOYEE,Demo Worker WRK-00120,Excavator Operator,Electrical,C,SUPERVISED,2026-12-20,VALID,2027-01-22,VALID,COMPLIANT,OFF_SHIFT,Pit,2023-09-27,DEMO_SYNTHETIC
WRK-00121,M003,,EMPLOYEE,Demo Worker WRK-00121,Dumper Operator,Environment,C,TRAINEE,2027-03-03,VALID,2027-06-03,VALID,PARTIAL,PRESENT,Pit,2025-08-29,DEMO_SYNTHETIC
WRK-00122,M003,,EMPLOYEE,Demo Worker WRK-00122,Fitter,Electrical,A,SUPERVISED,2027-04-19,VALID,2027-06-29,VALID,COMPLIANT,PRESENT,Pit,2025-10-05,DEMO_SYNTHETIC
WRK-00123,M003,,EMPLOYEE,Demo Worker WRK-00123,Survey Assistant,Operations,B,SUPERVISED,2027-04-09,VALID,2027-06-27,VALID,PARTIAL,LEAVE,Panel-2,2024-11-22,DEMO_SYNTHETIC
WRK-00124,M003,CTR-0008,CONTRACTOR,Demo Worker WRK-00124,Excavator Operator,Electrical,B,TRAINEE,2026-11-17,VALID,2027-04-12,VALID,COMPLIANT,PRESENT,West Dump,2025-02-27,DEMO_SYNTHETIC
WRK-00125,M003,CTR-0009,CONTRACTOR,Demo Worker WRK-00125,Drill Operator,Environment,B,SUPERVISED,2027-06-19,VALID,2026-11-29,VALID,COMPLIANT,PRESENT,Coal Face,2023-07-24,DEMO_SYNTHETIC
WRK-00126,M003,CTR-0008,CONTRACTOR,Demo Worker WRK-00126,Electrician,Safety,A,COMPETENT,2026-07-20,EXPIRED,2027-02-09,VALID,PARTIAL,OFF_SHIFT,West Dump,2023-08-20,DEMO_SYNTHETIC
WRK-00127,M003,CTR-0009,CONTRACTOR,Demo Worker WRK-00127,Electrician,Mechanical,C,SUPERVISED,2026-10-30,VALID,2026-12-29,VALID,COMPLIANT,PRESENT,Panel-1,2024-03-17,DEMO_SYNTHETIC
WRK-00128,M003,,EMPLOYEE,Demo Worker WRK-00128,Fitter,Safety,B,TRAINEE,2027-08-30,VALID,2026-10-31,VALID,COMPLIANT,LEAVE,Workshop,2026-07-03,DEMO_SYNTHETIC
WRK-00129,M003,,EMPLOYEE,Demo Worker WRK-00129,Dumper Operator,Environment,C,SUPERVISED,2027-10-01,VALID,2027-06-23,VALID,PARTIAL,PRESENT,Coal Face,2023-12-21,DEMO_SYNTHETIC
WRK-00130,M003,CTR-0007,CONTRACTOR,Demo Worker WRK-00130,Survey Assistant,Electrical,A,COMPETENT,2026-12-17,VALID,2027-04-13,VALID,NON_COMPLIANT,PRESENT,West Dump,2023-10-08,DEMO_SYNTHETIC
WRK-00131,M003,,EMPLOYEE,Demo Worker WRK-00131,Excavator Operator,Production,C,TRAINEE,2027-10-25,VALID,2027-04-02,VALID,COMPLIANT,PRESENT,Panel-2,2025-08-15,DEMO_SYNTHETIC
WRK-00132,M003,CTR-0009,CONTRACTOR,Demo Worker WRK-00132,General Worker,Electrical,A,TRAINEE,2027-02-15,VALID,2027-05-02,VALID,COMPLIANT,OFF_SHIFT,Surface Office,2025-08-19,DEMO_SYNTHETIC
WRK-00133,M003,,EMPLOYEE,Demo Worker WRK-00133,Electrician,Environment,A,TRAINEE,2027-02-09,VALID,2026-08-25,EXPIRED,COMPLIANT,PRESENT,Panel-2,2024-07-27,DEMO_SYNTHETIC
WRK-00134,M003,,EMPLOYEE,Demo Worker WRK-00134,Safety Assistant,Production,A,SUPERVISED,2026-12-12,VALID,2027-07-10,VALID,COMPLIANT,PRESENT,Surface Office,2024-07-15,DEMO_SYNTHETIC
WRK-00135,M003,,EMPLOYEE,Demo Worker WRK-00135,Dumper Operator,Mechanical,A,TRAINEE,2027-04-26,VALID,2026-10-01,DUE_SOON,COMPLIANT,PRESENT,Panel-2,2024-09-11,DEMO_SYNTHETIC
WRK-00136,M004,CTR-0011,CONTRACTOR,Demo Worker WRK-00136,Continuous Miner Operator,Electrical,C,SUPERVISED,2027-01-23,VALID,2027-04-09,VALID,COMPLIANT,PRESENT,Haul Road,2024-03-07,DEMO_SYNTHETIC
WRK-00137,M004,,EMPLOYEE,Demo Worker WRK-00137,General Worker,Safety,C,COMPETENT,2027-08-25,VALID,2026-10-03,VALID,PARTIAL,PRESENT,Pit,2025-05-02,DEMO_SYNTHETIC
WRK-00138,M004,,EMPLOYEE,Demo Worker WRK-00138,Safety Assistant,Environment,A,SUPERVISED,2027-02-27,VALID,2026-10-24,VALID,COMPLIANT,PRESENT,Haul Road,2025-01-03,DEMO_SYNTHETIC
WRK-00139,M004,CTR-0012,CONTRACTOR,Demo Worker WRK-00139,Safety Assistant,Electrical,A,SUPERVISED,2026-11-13,VALID,2026-12-05,VALID,PARTIAL,PRESENT,Panel-2,2023-07-10,DEMO_SYNTHETIC
WRK-00140,M004,CTR-0010,CONTRACTOR,Demo Worker WRK-00140,Safety Assistant,Environment,A,TRAINEE,2026-11-12,VALID,2026-11-13,VALID,NON_COMPLIANT,OFF_SHIFT,Haul Road,2024-01-02,DEMO_SYNTHETIC
WRK-00141,M004,CTR-0011,CONTRACTOR,Demo Worker WRK-00141,Fitter,Mechanical,B,COMPETENT,2027-04-12,VALID,2027-05-25,VALID,COMPLIANT,PRESENT,Workshop,2024-02-14,DEMO_SYNTHETIC
WRK-00142,M004,,EMPLOYEE,Demo Worker WRK-00142,Roof Bolter,Electrical,B,TRAINEE,2026-07-22,EXPIRED,2027-07-18,VALID,COMPLIANT,PRESENT,Pit,2024-06-28,DEMO_SYNTHETIC
WRK-00143,M004,CTR-0011,CONTRACTOR,Demo Worker WRK-00143,Ventilation Assistant,Mechanical,A,SUPERVISED,2027-01-16,VALID,2027-08-03,VALID,COMPLIANT,OFF_SHIFT,Workshop,2024-07-31,DEMO_SYNTHETIC
WRK-00144,M004,CTR-0011,CONTRACTOR,Demo Worker WRK-00144,Pump Operator,Safety,A,COMPETENT,2027-03-05,VALID,2027-05-09,VALID,COMPLIANT,LEAVE,Panel-2,2026-05-19,DEMO_SYNTHETIC
WRK-00145,M004,CTR-0012,CONTRACTOR,Demo Worker WRK-00145,General Worker,Operations,A,TRAINEE,2027-02-19,VALID,2026-09-26,DUE_SOON,COMPLIANT,LEAVE,Haul Road,2024-02-16,DEMO_SYNTHETIC
WRK-00146,M004,,EMPLOYEE,Demo Worker WRK-00146,Safety Assistant,Operations,C,TRAINEE,2027-03-29,VALID,2027-07-06,VALID,NON_COMPLIANT,PRESENT,Panel-1,2023-07-31,DEMO_SYNTHETIC
WRK-00147,M004,,EMPLOYEE,Demo Worker WRK-00147,Electrician,Electrical,A,SUPERVISED,2026-10-20,VALID,2027-07-17,VALID,COMPLIANT,PRESENT,Surface Office,2026-01-11,DEMO_SYNTHETIC
WRK-00148,M004,,EMPLOYEE,Demo Worker WRK-00148,Roof Bolter,Environment,A,COMPETENT,2026-11-30,VALID,2027-02-02,VALID,COMPLIANT,PRESENT,Panel-2,2024-06-28,DEMO_SYNTHETIC
WRK-00149,M004,CTR-0011,CONTRACTOR,Demo Worker WRK-00149,Fitter,Electrical,C,COMPETENT,2026-10-11,VALID,2027-06-25,VALID,COMPLIANT,OFF_SHIFT,Workshop,2024-01-29,DEMO_SYNTHETIC
WRK-00150,M004,,EMPLOYEE,Demo Worker WRK-00150,Fitter,Mechanical,C,COMPETENT,2027-01-08,VALID,2026-08-29,EXPIRED,COMPLIANT,PRESENT,Panel-2,2024-05-17,DEMO_SYNTHETIC
WRK-00151,M004,,EMPLOYEE,Demo Worker WRK-00151,Ventilation Assistant,Operations,C,TRAINEE,2026-12-27,VALID,2027-08-24,VALID,COMPLIANT,PRESENT,Haul Road,2024-01-30,DEMO_SYNTHETIC
WRK-00152,M004,CTR-0011,CONTRACTOR,Demo Worker WRK-00152,Safety Assistant,Mechanical,A,TRAINEE,2026-08-19,EXPIRED,2027-07-02,VALID,COMPLIANT,PRESENT,Pit,2023-11-01,DEMO_SYNTHETIC
WRK-00153,M004,CTR-0012,CONTRACTOR,Demo Worker WRK-00153,Fitter,Safety,B,SUPERVISED,2026-09-21,DUE_SOON,2027-03-23,VALID,COMPLIANT,PRESENT,Haul Road,2024-07-31,DEMO_SYNTHETIC
WRK-00154,M004,,EMPLOYEE,Demo Worker WRK-00154,Fitter,Electrical,B,TRAINEE,2027-05-18,VALID,2027-03-30,VALID,PARTIAL,PRESENT,West Dump,2023-07-17,DEMO_SYNTHETIC
WRK-00155,M004,CTR-0012,CONTRACTOR,Demo Worker WRK-00155,Electrician,Mechanical,B,TRAINEE,2027-08-17,VALID,2027-07-31,VALID,PARTIAL,OFF_SHIFT,Panel-2,2025-07-24,DEMO_SYNTHETIC
WRK-00156,M004,CTR-0012,CONTRACTOR,Demo Worker WRK-00156,Pump Operator,Environment,C,SUPERVISED,2026-11-27,VALID,2027-08-20,VALID,COMPLIANT,LEAVE,Coal Face,2023-09-05,DEMO_SYNTHETIC
WRK-00157,M004,,EMPLOYEE,Demo Worker WRK-00157,General Worker,Safety,B,SUPERVISED,2026-08-23,EXPIRED,2027-03-01,VALID,COMPLIANT,PRESENT,Workshop,2026-04-10,DEMO_SYNTHETIC
WRK-00158,M004,,EMPLOYEE,Demo Worker WRK-00158,Roof Bolter,Production,C,TRAINEE,2027-03-24,VALID,2027-02-19,VALID,COMPLIANT,LEAVE,Panel-2,2025-06-08,DEMO_SYNTHETIC
WRK-00159,M004,CTR-0012,CONTRACTOR,Demo Worker WRK-00159,Continuous Miner Operator,Environment,C,SUPERVISED,2026-08-07,EXPIRED,2027-05-11,VALID,PARTIAL,PRESENT,Coal Face,2025-04-11,DEMO_SYNTHETIC
WRK-00160,M004,CTR-0010,CONTRACTOR,Demo Worker WRK-00160,General Worker,Production,A,SUPERVISED,2027-08-22,VALID,2027-01-03,VALID,COMPLIANT,PRESENT,Workshop,2025-03-14,DEMO_SYNTHETIC
WRK-00161,M004,,EMPLOYEE,Demo Worker WRK-00161,Safety Assistant,Mechanical,A,TRAINEE,2026-10-05,VALID,2026-10-26,VALID,COMPLIANT,PRESENT,Panel-2,2024-03-03,DEMO_SYNTHETIC
WRK-00162,M004,CTR-0011,CONTRACTOR,Demo Worker WRK-00162,Electrician,Electrical,A,COMPETENT,2027-07-03,VALID,2026-08-30,EXPIRED,COMPLIANT,PRESENT,Panel-1,2025-01-21,DEMO_SYNTHETIC
WRK-00163,M004,,EMPLOYEE,Demo Worker WRK-00163,Pump Operator,Operations,C,TRAINEE,2027-07-19,VALID,2026-09-05,DUE_SOON,COMPLIANT,PRESENT,Surface Office,2024-08-27,DEMO_SYNTHETIC
WRK-00164,M004,,EMPLOYEE,Demo Worker WRK-00164,Continuous Miner Operator,Safety,B,TRAINEE,2026-10-01,DUE_SOON,2026-11-11,VALID,COMPLIANT,PRESENT,West Dump,2025-10-20,DEMO_SYNTHETIC
WRK-00165,M004,,EMPLOYEE,Demo Worker WRK-00165,Roof Bolter,Environment,B,TRAINEE,2027-09-25,VALID,2027-02-24,VALID,COMPLIANT,PRESENT,Panel-2,2026-05-26,DEMO_SYNTHETIC
WRK-00166,M004,CTR-0010,CONTRACTOR,Demo Worker WRK-00166,Electrician,Operations,A,COMPETENT,2027-10-16,VALID,2027-04-17,VALID,COMPLIANT,PRESENT,Coal Face,2025-05-09,DEMO_SYNTHETIC
WRK-00167,M004,CTR-0011,CONTRACTOR,Demo Worker WRK-00167,Continuous Miner Operator,Safety,C,SUPERVISED,2026-12-05,VALID,2027-06-19,VALID,COMPLIANT,PRESENT,Workshop,2026-02-10,DEMO_SYNTHETIC
WRK-00168,M004,,EMPLOYEE,Demo Worker WRK-00168,General Worker,Operations,C,TRAINEE,2027-06-04,VALID,2027-03-05,VALID,COMPLIANT,OFF_SHIFT,Panel-1,2025-10-10,DEMO_SYNTHETIC
WRK-00169,M004,CTR-0011,CONTRACTOR,Demo Worker WRK-00169,Fitter,Electrical,C,SUPERVISED,2026-11-03,VALID,2027-06-07,VALID,COMPLIANT,PRESENT,Workshop,2025-12-07,DEMO_SYNTHETIC
WRK-00170,M004,CTR-0011,CONTRACTOR,Demo Worker WRK-00170,Roof Bolter,Safety,C,TRAINEE,2027-07-17,VALID,2027-04-21,VALID,COMPLIANT,PRESENT,Panel-1,2024-10-15,DEMO_SYNTHETIC
WRK-00171,M004,,EMPLOYEE,Demo Worker WRK-00171,Continuous Miner Operator,Production,B,TRAINEE,2027-04-13,VALID,2026-08-12,EXPIRED,COMPLIANT,ABSENT,West Dump,2025-03-06,DEMO_SYNTHETIC
WRK-00172,M004,CTR-0011,CONTRACTOR,Demo Worker WRK-00172,Ventilation Assistant,Environment,B,SUPERVISED,2027-02-09,VALID,2027-01-31,VALID,COMPLIANT,LEAVE,Coal Face,2023-06-12,DEMO_SYNTHETIC
WRK-00173,M004,CTR-0011,CONTRACTOR,Demo Worker WRK-00173,Fitter,Electrical,C,COMPETENT,2027-08-17,VALID,2027-06-26,VALID,COMPLIANT,PRESENT,Surface Office,2025-03-10,DEMO_SYNTHETIC
WRK-00174,M004,,EMPLOYEE,Demo Worker WRK-00174,Pump Operator,Safety,C,TRAINEE,2026-09-15,DUE_SOON,2027-06-01,VALID,NON_COMPLIANT,LEAVE,Surface Office,2025-05-20,DEMO_SYNTHETIC
WRK-00175,M004,,EMPLOYEE,Demo Worker WRK-00175,Fitter,Operations,B,TRAINEE,2027-03-02,VALID,2027-01-04,VALID,COMPLIANT,PRESENT,Workshop,2024-06-25,DEMO_SYNTHETIC
WRK-00176,M004,,EMPLOYEE,Demo Worker WRK-00176,Pump Operator,Production,A,COMPETENT,2027-10-14,VALID,2026-08-20,EXPIRED,COMPLIANT,PRESENT,West Dump,2023-05-30,DEMO_SYNTHETIC
WRK-00177,M004,CTR-0010,CONTRACTOR,Demo Worker WRK-00177,Fitter,Environment,A,COMPETENT,2027-08-09,VALID,2027-03-31,VALID,COMPLIANT,PRESENT,Panel-1,2025-12-03,DEMO_SYNTHETIC
WRK-00178,M004,,EMPLOYEE,Demo Worker WRK-00178,Pump Operator,Operations,C,COMPETENT,2026-12-19,VALID,2027-08-11,VALID,COMPLIANT,PRESENT,Haul Road,2025-05-26,DEMO_SYNTHETIC
WRK-00179,M004,,EMPLOYEE,Demo Worker WRK-00179,General Worker,Electrical,B,TRAINEE,2026-10-11,VALID,2026-12-06,VALID,COMPLIANT,LEAVE,Panel-1,2025-10-09,DEMO_SYNTHETIC
WRK-00180,M004,,EMPLOYEE,Demo Worker WRK-00180,Ventilation Assistant,Mechanical,C,SUPERVISED,2026-12-02,VALID,2027-08-07,VALID,PARTIAL,OFF_SHIFT,Panel-1,2023-06-19,DEMO_SYNTHETIC
WRK-00181,M005,CTR-0015,CONTRACTOR,Demo Worker WRK-00181,Fitter,Safety,C,SUPERVISED,2026-10-21,VALID,2026-12-30,VALID,COMPLIANT,PRESENT,Pit,2026-04-13,DEMO_SYNTHETIC
WRK-00182,M005,,EMPLOYEE,Demo Worker WRK-00182,General Worker,Operations,C,SUPERVISED,2027-05-29,VALID,2026-11-30,VALID,COMPLIANT,PRESENT,Workshop,2023-09-20,DEMO_SYNTHETIC
WRK-00183,M005,CTR-0013,CONTRACTOR,Demo Worker WRK-00183,Safety Assistant,Mechanical,C,COMPETENT,2027-04-10,VALID,2026-10-15,VALID,COMPLIANT,PRESENT,Panel-1,2024-04-19,DEMO_SYNTHETIC
WRK-00184,M005,,EMPLOYEE,Demo Worker WRK-00184,Dumper Operator,Operations,B,TRAINEE,2026-08-13,EXPIRED,2027-06-11,VALID,COMPLIANT,PRESENT,Workshop,2023-12-05,DEMO_SYNTHETIC
WRK-00185,M005,CTR-0015,CONTRACTOR,Demo Worker WRK-00185,General Worker,Electrical,C,COMPETENT,2026-12-01,VALID,2027-08-20,VALID,COMPLIANT,PRESENT,West Dump,2026-05-25,DEMO_SYNTHETIC
WRK-00186,M005,CTR-0015,CONTRACTOR,Demo Worker WRK-00186,Survey Assistant,Production,A,TRAINEE,2027-02-25,VALID,2027-08-21,VALID,COMPLIANT,PRESENT,Workshop,2025-02-05,DEMO_SYNTHETIC
WRK-00187,M005,,EMPLOYEE,Demo Worker WRK-00187,Safety Assistant,Operations,B,COMPETENT,2026-09-03,DUE_SOON,2027-08-18,VALID,COMPLIANT,PRESENT,Panel-1,2025-01-07,DEMO_SYNTHETIC
WRK-00188,M005,CTR-0013,CONTRACTOR,Demo Worker WRK-00188,Fitter,Production,B,COMPETENT,2027-08-26,VALID,2027-03-23,VALID,PARTIAL,PRESENT,Haul Road,2024-06-20,DEMO_SYNTHETIC
WRK-00189,M005,,EMPLOYEE,Demo Worker WRK-00189,Safety Assistant,Electrical,B,COMPETENT,2027-05-14,VALID,2027-07-31,VALID,COMPLIANT,PRESENT,Haul Road,2025-08-21,DEMO_SYNTHETIC
WRK-00190,M005,,EMPLOYEE,Demo Worker WRK-00190,Safety Assistant,Electrical,A,TRAINEE,2026-09-03,DUE_SOON,2027-05-07,VALID,COMPLIANT,OFF_SHIFT,West Dump,2025-02-07,DEMO_SYNTHETIC
WRK-00191,M005,CTR-0014,CONTRACTOR,Demo Worker WRK-00191,Fitter,Production,A,TRAINEE,2026-08-08,EXPIRED,2026-11-12,VALID,COMPLIANT,ABSENT,Panel-1,2024-02-24,DEMO_SYNTHETIC
WRK-00192,M005,,EMPLOYEE,Demo Worker WRK-00192,Drill Operator,Safety,B,COMPETENT,2026-12-12,VALID,2026-08-22,EXPIRED,COMPLIANT,PRESENT,West Dump,2026-04-03,DEMO_SYNTHETIC
WRK-00193,M005,,EMPLOYEE,Demo Worker WRK-00193,Survey Assistant,Electrical,A,COMPETENT,2027-05-29,VALID,2026-12-22,VALID,COMPLIANT,OFF_SHIFT,Panel-1,2025-08-16,DEMO_SYNTHETIC
WRK-00194,M005,CTR-0014,CONTRACTOR,Demo Worker WRK-00194,Fitter,Production,B,TRAINEE,2026-09-20,DUE_SOON,2027-07-31,VALID,COMPLIANT,PRESENT,Panel-2,2026-05-10,DEMO_SYNTHETIC
WRK-00195,M005,CTR-0013,CONTRACTOR,Demo Worker WRK-00195,Fitter,Operations,A,SUPERVISED,2027-09-28,VALID,2026-10-29,VALID,COMPLIANT,PRESENT,Haul Road,2024-07-03,DEMO_SYNTHETIC
WRK-00196,M005,,EMPLOYEE,Demo Worker WRK-00196,Drill Operator,Operations,A,TRAINEE,2026-09-23,DUE_SOON,2026-09-15,DUE_SOON,NON_COMPLIANT,PRESENT,Coal Face,2023-11-21,DEMO_SYNTHETIC
WRK-00197,M005,CTR-0015,CONTRACTOR,Demo Worker WRK-00197,Safety Assistant,Production,B,TRAINEE,2027-03-17,VALID,2027-07-28,VALID,PARTIAL,PRESENT,Panel-2,2025-01-06,DEMO_SYNTHETIC
WRK-00198,M005,,EMPLOYEE,Demo Worker WRK-00198,Electrician,Environment,A,COMPETENT,2027-03-28,VALID,2026-12-04,VALID,PARTIAL,PRESENT,Coal Face,2026-02-10,DEMO_SYNTHETIC
WRK-00199,M005,,EMPLOYEE,Demo Worker WRK-00199,Excavator Operator,Environment,A,SUPERVISED,2026-08-16,EXPIRED,2027-05-31,VALID,COMPLIANT,PRESENT,Panel-2,2025-09-16,DEMO_SYNTHETIC
WRK-00200,M005,,EMPLOYEE,Demo Worker WRK-00200,General Worker,Mechanical,C,SUPERVISED,2026-10-17,VALID,2027-05-17,VALID,COMPLIANT,PRESENT,Haul Road,2025-09-09,DEMO_SYNTHETIC
WRK-00201,M005,CTR-0014,CONTRACTOR,Demo Worker WRK-00201,Fitter,Safety,B,TRAINEE,2027-05-13,VALID,2027-08-13,VALID,COMPLIANT,PRESENT,Panel-1,2025-12-15,DEMO_SYNTHETIC
WRK-00202,M005,,EMPLOYEE,Demo Worker WRK-00202,Electrician,Operations,B,TRAINEE,2026-09-22,DUE_SOON,2026-09-01,EXPIRED,COMPLIANT,ABSENT,Coal Face,2023-11-27,DEMO_SYNTHETIC
WRK-00203,M005,,EMPLOYEE,Demo Worker WRK-00203,Drill Operator,Environment,B,SUPERVISED,2027-01-05,VALID,2027-09-02,VALID,COMPLIANT,PRESENT,Surface Office,2023-09-09,DEMO_SYNTHETIC
WRK-00204,M005,,EMPLOYEE,Demo Worker WRK-00204,Safety Assistant,Mechanical,B,COMPETENT,2027-08-29,VALID,2027-07-09,VALID,COMPLIANT,PRESENT,Coal Face,2025-03-04,DEMO_SYNTHETIC
WRK-00205,M005,,EMPLOYEE,Demo Worker WRK-00205,Survey Assistant,Environment,A,COMPETENT,2027-10-19,VALID,2027-08-07,VALID,COMPLIANT,ABSENT,Workshop,2024-08-12,DEMO_SYNTHETIC
WRK-00206,M005,CTR-0013,CONTRACTOR,Demo Worker WRK-00206,Fitter,Safety,C,SUPERVISED,2027-06-15,VALID,2027-05-23,VALID,PARTIAL,OFF_SHIFT,Panel-2,2026-04-22,DEMO_SYNTHETIC
WRK-00207,M005,CTR-0013,CONTRACTOR,Demo Worker WRK-00207,Drill Operator,Electrical,C,COMPETENT,2027-04-15,VALID,2027-05-16,VALID,COMPLIANT,PRESENT,Panel-1,2024-11-28,DEMO_SYNTHETIC
WRK-00208,M005,,EMPLOYEE,Demo Worker WRK-00208,Survey Assistant,Electrical,C,COMPETENT,2026-10-01,DUE_SOON,2027-07-18,VALID,COMPLIANT,PRESENT,Workshop,2024-02-23,DEMO_SYNTHETIC
WRK-00209,M005,,EMPLOYEE,Demo Worker WRK-00209,Survey Assistant,Electrical,A,SUPERVISED,2026-11-02,VALID,2026-12-16,VALID,PARTIAL,PRESENT,Pit,2025-01-05,DEMO_SYNTHETIC
WRK-00210,M005,,EMPLOYEE,Demo Worker WRK-00210,Safety Assistant,Operations,B,COMPETENT,2026-09-19,DUE_SOON,2026-11-21,VALID,COMPLIANT,PRESENT,Coal Face,2026-06-01,DEMO_SYNTHETIC
WRK-00211,M005,CTR-0013,CONTRACTOR,Demo Worker WRK-00211,Excavator Operator,Electrical,C,SUPERVISED,2027-02-22,VALID,2027-02-14,VALID,COMPLIANT,PRESENT,Haul Road,2025-10-19,DEMO_SYNTHETIC
WRK-00212,M005,CTR-0014,CONTRACTOR,Demo Worker WRK-00212,Electrician,Environment,B,COMPETENT,2026-08-14,EXPIRED,2026-10-09,VALID,PARTIAL,PRESENT,Panel-1,2024-11-27,DEMO_SYNTHETIC
WRK-00213,M005,,EMPLOYEE,Demo Worker WRK-00213,Excavator Operator,Electrical,C,TRAINEE,2027-05-24,VALID,2027-02-08,VALID,COMPLIANT,PRESENT,Surface Office,2025-02-20,DEMO_SYNTHETIC
WRK-00214,M005,CTR-0015,CONTRACTOR,Demo Worker WRK-00214,Survey Assistant,Safety,C,SUPERVISED,2027-05-27,VALID,2027-04-23,VALID,COMPLIANT,PRESENT,Surface Office,2025-06-01,DEMO_SYNTHETIC
WRK-00215,M005,CTR-0013,CONTRACTOR,Demo Worker WRK-00215,Dumper Operator,Electrical,B,COMPETENT,2026-11-07,VALID,2026-08-31,EXPIRED,COMPLIANT,PRESENT,Haul Road,2025-07-04,DEMO_SYNTHETIC
WRK-00216,M005,,EMPLOYEE,Demo Worker WRK-00216,Fitter,Electrical,A,COMPETENT,2027-10-25,VALID,2026-11-24,VALID,COMPLIANT,PRESENT,Surface Office,2024-09-11,DEMO_SYNTHETIC
WRK-00217,M005,,EMPLOYEE,Demo Worker WRK-00217,Drill Operator,Production,C,SUPERVISED,2026-09-29,DUE_SOON,2026-09-19,DUE_SOON,COMPLIANT,PRESENT,Haul Road,2026-05-22,DEMO_SYNTHETIC
WRK-00218,M005,CTR-0015,CONTRACTOR,Demo Worker WRK-00218,Survey Assistant,Production,C,SUPERVISED,2027-02-14,VALID,2027-03-08,VALID,COMPLIANT,PRESENT,Panel-1,2025-05-22,DEMO_SYNTHETIC
WRK-00219,M005,CTR-0013,CONTRACTOR,Demo Worker WRK-00219,Survey Assistant,Electrical,B,COMPETENT,2027-02-28,VALID,2027-09-01,VALID,COMPLIANT,OFF_SHIFT,West Dump,2025-09-12,DEMO_SYNTHETIC
WRK-00220,M005,,EMPLOYEE,Demo Worker WRK-00220,Safety Assistant,Operations,B,SUPERVISED,2026-11-08,VALID,2027-03-10,VALID,COMPLIANT,PRESENT,Panel-1,2024-05-04,DEMO_SYNTHETIC
WRK-00221,M005,CTR-0015,CONTRACTOR,Demo Worker WRK-00221,Survey Assistant,Production,C,SUPERVISED,2027-04-19,VALID,2026-12-27,VALID,PARTIAL,PRESENT,West Dump,2025-12-03,DEMO_SYNTHETIC
WRK-00222,M005,,EMPLOYEE,Demo Worker WRK-00222,Excavator Operator,Mechanical,C,COMPETENT,2027-05-28,VALID,2027-07-27,VALID,PARTIAL,PRESENT,Panel-1,2024-11-19,DEMO_SYNTHETIC
WRK-00223,M005,CTR-0013,CONTRACTOR,Demo Worker WRK-00223,Excavator Operator,Environment,C,COMPETENT,2027-09-07,VALID,2027-08-28,VALID,PARTIAL,PRESENT,Coal Face,2024-04-28,DEMO_SYNTHETIC
WRK-00224,M005,,EMPLOYEE,Demo Worker WRK-00224,Electrician,Mechanical,C,COMPETENT,2027-02-09,VALID,2026-12-29,VALID,COMPLIANT,PRESENT,West Dump,2025-11-30,DEMO_SYNTHETIC
WRK-00225,M005,,EMPLOYEE,Demo Worker WRK-00225,Fitter,Electrical,C,TRAINEE,2026-07-21,EXPIRED,2026-10-27,VALID,COMPLIANT,PRESENT,Coal Face,2023-12-21,DEMO_SYNTHETIC
WRK-00226,M006,CTR-0018,CONTRACTOR,Demo Worker WRK-00226,Dumper Operator,Production,B,TRAINEE,2027-03-29,VALID,2027-05-13,VALID,COMPLIANT,LEAVE,Panel-1,2023-08-21,DEMO_SYNTHETIC
WRK-00227,M006,,EMPLOYEE,Demo Worker WRK-00227,Electrician,Environment,A,COMPETENT,2027-02-11,VALID,2027-08-08,VALID,COMPLIANT,LEAVE,West Dump,2025-09-25,DEMO_SYNTHETIC
WRK-00228,M006,,EMPLOYEE,Demo Worker WRK-00228,Survey Assistant,Safety,A,COMPETENT,2027-10-26,VALID,2026-11-15,VALID,COMPLIANT,OFF_SHIFT,West Dump,2025-01-15,DEMO_SYNTHETIC
WRK-00229,M006,,EMPLOYEE,Demo Worker WRK-00229,Electrician,Electrical,B,SUPERVISED,2027-08-10,VALID,2027-08-14,VALID,COMPLIANT,PRESENT,Coal Face,2025-01-10,DEMO_SYNTHETIC
WRK-00230,M006,CTR-0017,CONTRACTOR,Demo Worker WRK-00230,Roof Bolter,Operations,C,TRAINEE,2027-07-22,VALID,2027-01-06,VALID,COMPLIANT,PRESENT,West Dump,2024-07-04,DEMO_SYNTHETIC
WRK-00231,M006,CTR-0017,CONTRACTOR,Demo Worker WRK-00231,Safety Assistant,Electrical,C,SUPERVISED,2027-08-04,VALID,2027-02-14,VALID,PARTIAL,PRESENT,Haul Road,2025-02-09,DEMO_SYNTHETIC
WRK-00232,M006,,EMPLOYEE,Demo Worker WRK-00232,Survey Assistant,Electrical,C,TRAINEE,2027-05-20,VALID,2026-09-16,DUE_SOON,COMPLIANT,PRESENT,Haul Road,2025-07-24,DEMO_SYNTHETIC
WRK-00233,M006,CTR-0017,CONTRACTOR,Demo Worker WRK-00233,Fitter,Safety,C,TRAINEE,2027-01-16,VALID,2026-09-24,DUE_SOON,COMPLIANT,PRESENT,Workshop,2023-11-18,DEMO_SYNTHETIC
WRK-00234,M006,,EMPLOYEE,Demo Worker WRK-00234,Safety Assistant,Operations,C,COMPETENT,2027-01-05,VALID,2027-06-15,VALID,COMPLIANT,PRESENT,Pit,2026-06-30,DEMO_SYNTHETIC
WRK-00235,M006,,EMPLOYEE,Demo Worker WRK-00235,Dumper Operator,Mechanical,C,COMPETENT,2027-10-24,VALID,2027-03-03,VALID,COMPLIANT,PRESENT,Haul Road,2026-03-31,DEMO_SYNTHETIC
WRK-00236,M006,CTR-0018,CONTRACTOR,Demo Worker WRK-00236,General Worker,Environment,A,COMPETENT,2027-10-27,VALID,2027-05-27,VALID,COMPLIANT,PRESENT,West Dump,2026-02-02,DEMO_SYNTHETIC
WRK-00237,M006,CTR-0016,CONTRACTOR,Demo Worker WRK-00237,Electrician,Production,A,TRAINEE,2026-12-03,VALID,2027-03-18,VALID,COMPLIANT,LEAVE,Workshop,2023-08-06,DEMO_SYNTHETIC
WRK-00238,M006,CTR-0017,CONTRACTOR,Demo Worker WRK-00238,Safety Assistant,Electrical,B,COMPETENT,2027-07-06,VALID,2027-01-13,VALID,COMPLIANT,PRESENT,Surface Office,2025-08-17,DEMO_SYNTHETIC
WRK-00239,M006,,EMPLOYEE,Demo Worker WRK-00239,Fitter,Electrical,C,TRAINEE,2026-08-18,EXPIRED,2027-07-12,VALID,COMPLIANT,LEAVE,Panel-2,2024-07-21,DEMO_SYNTHETIC
WRK-00240,M006,CTR-0016,CONTRACTOR,Demo Worker WRK-00240,Pump Operator,Production,B,TRAINEE,2027-07-23,VALID,2027-01-05,VALID,NON_COMPLIANT,OFF_SHIFT,Surface Office,2024-10-21,DEMO_SYNTHETIC
WRK-00241,M006,,EMPLOYEE,Demo Worker WRK-00241,Survey Assistant,Mechanical,A,COMPETENT,2027-04-24,VALID,2027-05-23,VALID,COMPLIANT,LEAVE,Pit,2026-01-16,DEMO_SYNTHETIC
WRK-00242,M006,CTR-0018,CONTRACTOR,Demo Worker WRK-00242,Safety Assistant,Electrical,C,TRAINEE,2026-08-15,EXPIRED,2027-02-09,VALID,NON_COMPLIANT,LEAVE,West Dump,2024-03-29,DEMO_SYNTHETIC
WRK-00243,M006,CTR-0017,CONTRACTOR,Demo Worker WRK-00243,Electrician,Production,C,TRAINEE,2027-08-06,VALID,2027-04-01,VALID,COMPLIANT,PRESENT,Haul Road,2025-07-16,DEMO_SYNTHETIC
WRK-00244,M006,,EMPLOYEE,Demo Worker WRK-00244,Safety Assistant,Safety,A,SUPERVISED,2027-03-11,VALID,2026-10-15,VALID,COMPLIANT,PRESENT,Workshop,2024-03-31,DEMO_SYNTHETIC
WRK-00245,M006,,EMPLOYEE,Demo Worker WRK-00245,General Worker,Safety,A,SUPERVISED,2026-09-24,DUE_SOON,2027-05-16,VALID,NON_COMPLIANT,LEAVE,Workshop,2023-06-17,DEMO_SYNTHETIC
WRK-00246,M006,CTR-0018,CONTRACTOR,Demo Worker WRK-00246,Pump Operator,Production,A,SUPERVISED,2027-05-13,VALID,2026-12-25,VALID,NON_COMPLIANT,OFF_SHIFT,Pit,2025-09-11,DEMO_SYNTHETIC
WRK-00247,M006,,EMPLOYEE,Demo Worker WRK-00247,Electrician,Mechanical,A,TRAINEE,2026-08-22,EXPIRED,2027-03-17,VALID,COMPLIANT,OFF_SHIFT,Coal Face,2024-03-15,DEMO_SYNTHETIC
WRK-00248,M006,CTR-0016,CONTRACTOR,Demo Worker WRK-00248,Roof Bolter,Production,B,SUPERVISED,2027-07-23,VALID,2026-12-15,VALID,COMPLIANT,PRESENT,Coal Face,2025-02-21,DEMO_SYNTHETIC
WRK-00249,M006,CTR-0017,CONTRACTOR,Demo Worker WRK-00249,Pump Operator,Safety,B,TRAINEE,2027-06-29,VALID,2026-08-04,EXPIRED,COMPLIANT,PRESENT,Workshop,2023-07-21,DEMO_SYNTHETIC
WRK-00250,M006,,EMPLOYEE,Demo Worker WRK-00250,Survey Assistant,Safety,A,SUPERVISED,2027-09-04,VALID,2027-04-27,VALID,COMPLIANT,ABSENT,Haul Road,2026-05-26,DEMO_SYNTHETIC
WRK-00251,M006,,EMPLOYEE,Demo Worker WRK-00251,General Worker,Production,A,SUPERVISED,2027-04-15,VALID,2027-06-14,VALID,COMPLIANT,OFF_SHIFT,Haul Road,2023-07-27,DEMO_SYNTHETIC
WRK-00252,M006,CTR-0016,CONTRACTOR,Demo Worker WRK-00252,Fitter,Safety,A,SUPERVISED,2027-03-05,VALID,2027-06-27,VALID,COMPLIANT,ABSENT,Pit,2024-10-30,DEMO_SYNTHETIC
WRK-00253,M006,,EMPLOYEE,Demo Worker WRK-00253,Pump Operator,Mechanical,A,COMPETENT,2027-07-22,VALID,2027-02-28,VALID,COMPLIANT,PRESENT,Workshop,2023-07-04,DEMO_SYNTHETIC
WRK-00254,M006,CTR-0017,CONTRACTOR,Demo Worker WRK-00254,General Worker,Production,B,SUPERVISED,2027-10-13,VALID,2027-03-09,VALID,COMPLIANT,PRESENT,Coal Face,2026-05-22,DEMO_SYNTHETIC
WRK-00255,M006,,EMPLOYEE,Demo Worker WRK-00255,Roof Bolter,Environment,C,SUPERVISED,2026-12-05,VALID,2027-07-08,VALID,COMPLIANT,PRESENT,Panel-2,2025-12-21,DEMO_SYNTHETIC
WRK-00256,M006,,EMPLOYEE,Demo Worker WRK-00256,Roof Bolter,Environment,B,COMPETENT,2027-09-13,VALID,2026-08-28,EXPIRED,COMPLIANT,PRESENT,Coal Face,2023-06-16,DEMO_SYNTHETIC
WRK-00257,M006,CTR-0018,CONTRACTOR,Demo Worker WRK-00257,General Worker,Operations,A,TRAINEE,2026-11-29,VALID,2027-06-18,VALID,COMPLIANT,PRESENT,Pit,2024-02-25,DEMO_SYNTHETIC
WRK-00258,M006,CTR-0016,CONTRACTOR,Demo Worker WRK-00258,Electrician,Operations,A,TRAINEE,2027-04-16,VALID,2026-08-22,EXPIRED,PARTIAL,PRESENT,Workshop,2023-09-24,DEMO_SYNTHETIC
WRK-00259,M006,,EMPLOYEE,Demo Worker WRK-00259,Electrician,Production,B,COMPETENT,2027-04-10,VALID,2027-04-19,VALID,COMPLIANT,PRESENT,Panel-2,2026-01-31,DEMO_SYNTHETIC
WRK-00260,M006,,EMPLOYEE,Demo Worker WRK-00260,Electrician,Operations,A,COMPETENT,2027-05-01,VALID,2027-02-28,VALID,COMPLIANT,PRESENT,Coal Face,2025-09-16,DEMO_SYNTHETIC
WRK-00261,M006,,EMPLOYEE,Demo Worker WRK-00261,Fitter,Production,B,TRAINEE,2027-04-08,VALID,2027-06-25,VALID,PARTIAL,PRESENT,Panel-1,2025-09-27,DEMO_SYNTHETIC
WRK-00262,M006,,EMPLOYEE,Demo Worker WRK-00262,Safety Assistant,Environment,A,COMPETENT,2026-12-21,VALID,2027-07-23,VALID,COMPLIANT,PRESENT,Haul Road,2025-07-03,DEMO_SYNTHETIC
WRK-00263,M006,CTR-0016,CONTRACTOR,Demo Worker WRK-00263,Survey Assistant,Production,C,TRAINEE,2027-06-30,VALID,2027-08-08,VALID,PARTIAL,OFF_SHIFT,Panel-1,2023-08-07,DEMO_SYNTHETIC
WRK-00264,M006,,EMPLOYEE,Demo Worker WRK-00264,Pump Operator,Mechanical,B,COMPETENT,2026-12-25,VALID,2026-11-26,VALID,COMPLIANT,LEAVE,West Dump,2026-02-23,DEMO_SYNTHETIC
WRK-00265,M006,CTR-0018,CONTRACTOR,Demo Worker WRK-00265,Safety Assistant,Safety,C,TRAINEE,2027-02-23,VALID,2026-10-16,VALID,COMPLIANT,PRESENT,West Dump,2026-03-23,DEMO_SYNTHETIC
WRK-00266,M006,,EMPLOYEE,Demo Worker WRK-00266,Safety Assistant,Operations,A,TRAINEE,2027-08-29,VALID,2026-10-04,VALID,NON_COMPLIANT,OFF_SHIFT,Workshop,2025-10-10,DEMO_SYNTHETIC
WRK-00267,M006,,EMPLOYEE,Demo Worker WRK-00267,Pump Operator,Production,A,SUPERVISED,2027-01-19,VALID,2026-12-12,VALID,COMPLIANT,OFF_SHIFT,Panel-1,2024-10-29,DEMO_SYNTHETIC
WRK-00268,M006,,EMPLOYEE,Demo Worker WRK-00268,Dumper Operator,Safety,C,SUPERVISED,2026-10-16,VALID,2027-03-19,VALID,PARTIAL,PRESENT,Pit,2025-09-07,DEMO_SYNTHETIC
WRK-00269,M006,CTR-0017,CONTRACTOR,Demo Worker WRK-00269,General Worker,Operations,C,TRAINEE,2027-01-04,VALID,2027-07-30,VALID,COMPLIANT,PRESENT,Haul Road,2025-04-06,DEMO_SYNTHETIC
WRK-00270,M006,,EMPLOYEE,Demo Worker WRK-00270,Safety Assistant,Safety,B,SUPERVISED,2027-04-27,VALID,2027-05-29,VALID,COMPLIANT,PRESENT,Panel-2,2023-08-29,DEMO_SYNTHETIC
WRK-00271,M007,CTR-0019,CONTRACTOR,Demo Worker WRK-00271,Ventilation Assistant,Environment,B,SUPERVISED,2026-10-21,VALID,2026-12-26,VALID,COMPLIANT,PRESENT,Panel-2,2024-03-24,DEMO_SYNTHETIC
WRK-00272,M007,CTR-0019,CONTRACTOR,Demo Worker WRK-00272,Ventilation Assistant,Safety,C,COMPETENT,2027-06-13,VALID,2027-08-18,VALID,COMPLIANT,OFF_SHIFT,Panel-2,2024-08-01,DEMO_SYNTHETIC
WRK-00273,M007,,EMPLOYEE,Demo Worker WRK-00273,Continuous Miner Operator,Production,A,COMPETENT,2027-03-14,VALID,2027-06-15,VALID,COMPLIANT,PRESENT,Surface Office,2025-12-20,DEMO_SYNTHETIC
WRK-00274,M007,CTR-0021,CONTRACTOR,Demo Worker WRK-00274,Pump Operator,Safety,C,TRAINEE,2026-11-25,VALID,2026-08-19,EXPIRED,COMPLIANT,PRESENT,West Dump,2026-06-19,DEMO_SYNTHETIC
WRK-00275,M007,CTR-0020,CONTRACTOR,Demo Worker WRK-00275,General Worker,Safety,C,TRAINEE,2027-06-05,VALID,2026-11-25,VALID,COMPLIANT,PRESENT,Pit,2025-12-07,DEMO_SYNTHETIC
WRK-00276,M007,,EMPLOYEE,Demo Worker WRK-00276,General Worker,Electrical,A,COMPETENT,2027-10-11,VALID,2027-07-12,VALID,COMPLIANT,PRESENT,Workshop,2023-07-23,DEMO_SYNTHETIC
WRK-00277,M007,,EMPLOYEE,Demo Worker WRK-00277,General Worker,Mechanical,B,TRAINEE,2026-09-25,DUE_SOON,2026-09-08,DUE_SOON,COMPLIANT,PRESENT,Surface Office,2025-12-17,DEMO_SYNTHETIC
WRK-00278,M007,,EMPLOYEE,Demo Worker WRK-00278,General Worker,Safety,C,COMPETENT,2027-02-23,VALID,2027-08-09,VALID,COMPLIANT,LEAVE,Pit,2023-08-05,DEMO_SYNTHETIC
WRK-00279,M007,,EMPLOYEE,Demo Worker WRK-00279,Safety Assistant,Operations,A,SUPERVISED,2026-09-06,DUE_SOON,2027-05-29,VALID,COMPLIANT,PRESENT,Pit,2025-09-17,DEMO_SYNTHETIC
WRK-00280,M007,CTR-0021,CONTRACTOR,Demo Worker WRK-00280,Safety Assistant,Operations,C,TRAINEE,2027-05-30,VALID,2026-12-06,VALID,PARTIAL,PRESENT,West Dump,2023-09-26,DEMO_SYNTHETIC
WRK-00281,M007,,EMPLOYEE,Demo Worker WRK-00281,Fitter,Environment,B,SUPERVISED,2027-07-16,VALID,2027-03-18,VALID,COMPLIANT,PRESENT,Coal Face,2025-11-14,DEMO_SYNTHETIC
WRK-00282,M007,,EMPLOYEE,Demo Worker WRK-00282,Safety Assistant,Mechanical,C,SUPERVISED,2027-09-14,VALID,2027-02-27,VALID,COMPLIANT,LEAVE,Haul Road,2023-10-04,DEMO_SYNTHETIC
WRK-00283,M007,,EMPLOYEE,Demo Worker WRK-00283,Safety Assistant,Operations,C,SUPERVISED,2027-08-28,VALID,2026-08-14,EXPIRED,COMPLIANT,OFF_SHIFT,Haul Road,2025-09-06,DEMO_SYNTHETIC
WRK-00284,M007,,EMPLOYEE,Demo Worker WRK-00284,General Worker,Safety,B,TRAINEE,2027-02-03,VALID,2027-05-16,VALID,COMPLIANT,PRESENT,Surface Office,2024-10-02,DEMO_SYNTHETIC
WRK-00285,M007,,EMPLOYEE,Demo Worker WRK-00285,Electrician,Operations,C,SUPERVISED,2026-12-04,VALID,2026-09-15,DUE_SOON,PARTIAL,OFF_SHIFT,Surface Office,2025-03-01,DEMO_SYNTHETIC
WRK-00286,M007,,EMPLOYEE,Demo Worker WRK-00286,Fitter,Safety,B,COMPETENT,2027-04-04,VALID,2027-05-15,VALID,COMPLIANT,ABSENT,Workshop,2026-01-16,DEMO_SYNTHETIC
WRK-00287,M007,,EMPLOYEE,Demo Worker WRK-00287,Ventilation Assistant,Production,B,SUPERVISED,2026-12-20,VALID,2026-12-14,VALID,COMPLIANT,PRESENT,Panel-1,2024-12-28,DEMO_SYNTHETIC
WRK-00288,M007,,EMPLOYEE,Demo Worker WRK-00288,Continuous Miner Operator,Operations,A,COMPETENT,2027-02-23,VALID,2026-11-18,VALID,COMPLIANT,PRESENT,Haul Road,2025-10-04,DEMO_SYNTHETIC
WRK-00289,M007,,EMPLOYEE,Demo Worker WRK-00289,Ventilation Assistant,Environment,C,SUPERVISED,2027-10-22,VALID,2027-01-12,VALID,COMPLIANT,PRESENT,Surface Office,2024-03-10,DEMO_SYNTHETIC
WRK-00290,M007,,EMPLOYEE,Demo Worker WRK-00290,Electrician,Operations,B,COMPETENT,2027-08-29,VALID,2026-11-30,VALID,COMPLIANT,PRESENT,Workshop,2024-03-09,DEMO_SYNTHETIC
WRK-00291,M007,,EMPLOYEE,Demo Worker WRK-00291,Electrician,Environment,B,SUPERVISED,2026-08-07,EXPIRED,2027-07-08,VALID,COMPLIANT,OFF_SHIFT,Surface Office,2026-03-14,DEMO_SYNTHETIC
WRK-00292,M007,,EMPLOYEE,Demo Worker WRK-00292,Ventilation Assistant,Mechanical,C,TRAINEE,2026-11-11,VALID,2027-08-21,VALID,COMPLIANT,PRESENT,West Dump,2024-12-31,DEMO_SYNTHETIC
WRK-00293,M007,CTR-0020,CONTRACTOR,Demo Worker WRK-00293,Roof Bolter,Operations,A,TRAINEE,2027-03-17,VALID,2026-09-06,DUE_SOON,COMPLIANT,LEAVE,Surface Office,2023-11-30,DEMO_SYNTHETIC
WRK-00294,M007,CTR-0021,CONTRACTOR,Demo Worker WRK-00294,Safety Assistant,Mechanical,B,COMPETENT,2027-03-20,VALID,2027-03-30,VALID,COMPLIANT,PRESENT,Coal Face,2024-04-18,DEMO_SYNTHETIC
WRK-00295,M007,,EMPLOYEE,Demo Worker WRK-00295,Ventilation Assistant,Electrical,A,TRAINEE,2026-12-25,VALID,2027-06-20,VALID,PARTIAL,PRESENT,Haul Road,2026-02-01,DEMO_SYNTHETIC
WRK-00296,M007,CTR-0021,CONTRACTOR,Demo Worker WRK-00296,Electrician,Safety,B,COMPETENT,2026-08-22,EXPIRED,2026-10-22,VALID,COMPLIANT,PRESENT,Pit,2024-11-02,DEMO_SYNTHETIC
WRK-00297,M007,CTR-0021,CONTRACTOR,Demo Worker WRK-00297,Continuous Miner Operator,Environment,A,SUPERVISED,2027-02-04,VALID,2027-02-21,VALID,COMPLIANT,ABSENT,Workshop,2023-10-18,DEMO_SYNTHETIC
WRK-00298,M007,CTR-0021,CONTRACTOR,Demo Worker WRK-00298,Continuous Miner Operator,Mechanical,A,COMPETENT,2026-12-23,VALID,2026-10-11,VALID,PARTIAL,PRESENT,Pit,2026-05-17,DEMO_SYNTHETIC
WRK-00299,M007,CTR-0021,CONTRACTOR,Demo Worker WRK-00299,Fitter,Electrical,B,SUPERVISED,2026-09-01,EXPIRED,2026-11-12,VALID,COMPLIANT,PRESENT,Panel-1,2023-10-16,DEMO_SYNTHETIC
WRK-00300,M007,CTR-0019,CONTRACTOR,Demo Worker WRK-00300,Roof Bolter,Production,B,SUPERVISED,2027-04-18,VALID,2027-02-24,VALID,NON_COMPLIANT,PRESENT,West Dump,2024-07-25,DEMO_SYNTHETIC
WRK-00301,M007,,EMPLOYEE,Demo Worker WRK-00301,Roof Bolter,Production,B,SUPERVISED,2027-03-11,VALID,2027-06-07,VALID,COMPLIANT,OFF_SHIFT,Haul Road,2025-09-06,DEMO_SYNTHETIC
WRK-00302,M007,CTR-0020,CONTRACTOR,Demo Worker WRK-00302,Continuous Miner Operator,Operations,A,SUPERVISED,2027-06-24,VALID,2026-08-22,EXPIRED,PARTIAL,PRESENT,Panel-1,2023-11-03,DEMO_SYNTHETIC
WRK-00303,M007,,EMPLOYEE,Demo Worker WRK-00303,Electrician,Operations,A,COMPETENT,2027-05-20,VALID,2026-09-24,DUE_SOON,COMPLIANT,LEAVE,West Dump,2024-05-05,DEMO_SYNTHETIC
WRK-00304,M007,,EMPLOYEE,Demo Worker WRK-00304,Fitter,Safety,B,SUPERVISED,2026-09-03,DUE_SOON,2027-02-23,VALID,COMPLIANT,ABSENT,Workshop,2024-02-16,DEMO_SYNTHETIC
WRK-00305,M007,CTR-0019,CONTRACTOR,Demo Worker WRK-00305,Safety Assistant,Electrical,A,COMPETENT,2026-08-01,EXPIRED,2027-05-28,VALID,COMPLIANT,PRESENT,Pit,2023-11-02,DEMO_SYNTHETIC
WRK-00306,M007,,EMPLOYEE,Demo Worker WRK-00306,Ventilation Assistant,Safety,A,TRAINEE,2027-09-07,VALID,2026-11-27,VALID,PARTIAL,PRESENT,Panel-1,2025-04-22,DEMO_SYNTHETIC
WRK-00307,M007,CTR-0019,CONTRACTOR,Demo Worker WRK-00307,Electrician,Operations,C,TRAINEE,2026-11-13,VALID,2026-08-16,EXPIRED,COMPLIANT,PRESENT,Pit,2023-07-11,DEMO_SYNTHETIC
WRK-00308,M007,CTR-0020,CONTRACTOR,Demo Worker WRK-00308,Roof Bolter,Environment,C,COMPETENT,2026-11-16,VALID,2027-04-16,VALID,COMPLIANT,PRESENT,West Dump,2024-04-25,DEMO_SYNTHETIC
WRK-00309,M007,CTR-0019,CONTRACTOR,Demo Worker WRK-00309,Electrician,Operations,A,TRAINEE,2026-10-29,VALID,2026-11-30,VALID,COMPLIANT,PRESENT,Haul Road,2026-01-21,DEMO_SYNTHETIC
WRK-00310,M007,CTR-0020,CONTRACTOR,Demo Worker WRK-00310,Fitter,Operations,B,TRAINEE,2027-04-23,VALID,2027-08-28,VALID,COMPLIANT,PRESENT,Workshop,2023-10-02,DEMO_SYNTHETIC
WRK-00311,M007,,EMPLOYEE,Demo Worker WRK-00311,Safety Assistant,Production,B,SUPERVISED,2027-05-23,VALID,2027-02-09,VALID,COMPLIANT,PRESENT,Workshop,2023-09-09,DEMO_SYNTHETIC
WRK-00312,M007,CTR-0021,CONTRACTOR,Demo Worker WRK-00312,Electrician,Safety,C,SUPERVISED,2026-08-24,EXPIRED,2027-07-18,VALID,COMPLIANT,PRESENT,Panel-1,2023-05-24,DEMO_SYNTHETIC
WRK-00313,M007,CTR-0019,CONTRACTOR,Demo Worker WRK-00313,Fitter,Production,C,SUPERVISED,2026-11-19,VALID,2026-08-30,EXPIRED,PARTIAL,PRESENT,Coal Face,2024-06-12,DEMO_SYNTHETIC
WRK-00314,M007,,EMPLOYEE,Demo Worker WRK-00314,General Worker,Operations,C,COMPETENT,2027-03-19,VALID,2026-09-20,DUE_SOON,COMPLIANT,PRESENT,Workshop,2023-10-22,DEMO_SYNTHETIC
WRK-00315,M007,CTR-0021,CONTRACTOR,Demo Worker WRK-00315,Fitter,Safety,C,TRAINEE,2027-09-25,VALID,2026-11-08,VALID,COMPLIANT,PRESENT,Coal Face,2024-01-08,DEMO_SYNTHETIC
WRK-00316,M008,,EMPLOYEE,Demo Worker WRK-00316,Safety Assistant,Operations,B,SUPERVISED,2026-09-25,DUE_SOON,2027-08-02,VALID,NON_COMPLIANT,PRESENT,Pit,2025-02-02,DEMO_SYNTHETIC
WRK-00317,M008,,EMPLOYEE,Demo Worker WRK-00317,General Worker,Production,B,TRAINEE,2027-08-06,VALID,2027-07-03,VALID,COMPLIANT,OFF_SHIFT,Haul Road,2025-03-05,DEMO_SYNTHETIC
WRK-00318,M008,,EMPLOYEE,Demo Worker WRK-00318,Drill Operator,Electrical,C,TRAINEE,2027-09-11,VALID,2026-08-22,EXPIRED,COMPLIANT,PRESENT,Panel-2,2025-05-18,DEMO_SYNTHETIC
WRK-00319,M008,,EMPLOYEE,Demo Worker WRK-00319,Safety Assistant,Safety,B,SUPERVISED,2026-12-30,VALID,2026-09-09,DUE_SOON,COMPLIANT,PRESENT,Haul Road,2024-09-21,DEMO_SYNTHETIC
WRK-00320,M008,CTR-0023,CONTRACTOR,Demo Worker WRK-00320,Dumper Operator,Safety,A,SUPERVISED,2026-07-23,EXPIRED,2027-07-24,VALID,COMPLIANT,OFF_SHIFT,Workshop,2024-10-19,DEMO_SYNTHETIC
WRK-00321,M008,CTR-0023,CONTRACTOR,Demo Worker WRK-00321,Excavator Operator,Mechanical,A,TRAINEE,2026-09-01,EXPIRED,2027-04-13,VALID,NON_COMPLIANT,OFF_SHIFT,West Dump,2025-04-16,DEMO_SYNTHETIC
WRK-00322,M008,CTR-0024,CONTRACTOR,Demo Worker WRK-00322,Dumper Operator,Safety,B,COMPETENT,2027-05-20,VALID,2027-05-09,VALID,COMPLIANT,PRESENT,Coal Face,2025-09-21,DEMO_SYNTHETIC
WRK-00323,M008,CTR-0023,CONTRACTOR,Demo Worker WRK-00323,Survey Assistant,Production,B,TRAINEE,2027-01-24,VALID,2026-08-21,EXPIRED,COMPLIANT,PRESENT,Surface Office,2024-07-08,DEMO_SYNTHETIC
WRK-00324,M008,CTR-0024,CONTRACTOR,Demo Worker WRK-00324,Excavator Operator,Environment,C,COMPETENT,2027-03-28,VALID,2027-07-27,VALID,COMPLIANT,LEAVE,Surface Office,2025-01-20,DEMO_SYNTHETIC
WRK-00325,M008,,EMPLOYEE,Demo Worker WRK-00325,Fitter,Safety,A,SUPERVISED,2026-12-20,VALID,2027-01-14,VALID,COMPLIANT,LEAVE,Surface Office,2026-04-11,DEMO_SYNTHETIC
WRK-00326,M008,,EMPLOYEE,Demo Worker WRK-00326,Electrician,Production,B,SUPERVISED,2026-07-26,EXPIRED,2027-04-13,VALID,COMPLIANT,LEAVE,Surface Office,2026-01-30,DEMO_SYNTHETIC
WRK-00327,M008,,EMPLOYEE,Demo Worker WRK-00327,Survey Assistant,Production,A,COMPETENT,2027-04-04,VALID,2026-11-03,VALID,COMPLIANT,PRESENT,Panel-2,2026-05-02,DEMO_SYNTHETIC
WRK-00328,M008,,EMPLOYEE,Demo Worker WRK-00328,Excavator Operator,Electrical,B,TRAINEE,2027-02-12,VALID,2027-07-05,VALID,COMPLIANT,PRESENT,Pit,2025-07-21,DEMO_SYNTHETIC
WRK-00329,M008,CTR-0024,CONTRACTOR,Demo Worker WRK-00329,Fitter,Environment,B,TRAINEE,2027-08-21,VALID,2027-08-15,VALID,PARTIAL,PRESENT,Panel-1,2023-10-02,DEMO_SYNTHETIC
WRK-00330,M008,CTR-0022,CONTRACTOR,Demo Worker WRK-00330,Electrician,Production,B,TRAINEE,2027-04-10,VALID,2027-05-13,VALID,COMPLIANT,OFF_SHIFT,Pit,2024-10-23,DEMO_SYNTHETIC
WRK-00331,M008,,EMPLOYEE,Demo Worker WRK-00331,Electrician,Environment,A,SUPERVISED,2026-11-04,VALID,2026-08-03,EXPIRED,COMPLIANT,PRESENT,Panel-2,2023-07-17,DEMO_SYNTHETIC
WRK-00332,M008,CTR-0022,CONTRACTOR,Demo Worker WRK-00332,Dumper Operator,Environment,A,COMPETENT,2027-08-09,VALID,2026-12-01,VALID,COMPLIANT,PRESENT,Panel-1,2023-09-12,DEMO_SYNTHETIC
WRK-00333,M008,,EMPLOYEE,Demo Worker WRK-00333,Survey Assistant,Operations,C,TRAINEE,2027-07-21,VALID,2027-01-28,VALID,COMPLIANT,PRESENT,Coal Face,2025-04-20,DEMO_SYNTHETIC
WRK-00334,M008,,EMPLOYEE,Demo Worker WRK-00334,Safety Assistant,Electrical,B,TRAINEE,2026-09-20,DUE_SOON,2026-08-05,EXPIRED,COMPLIANT,PRESENT,Workshop,2024-02-15,DEMO_SYNTHETIC
WRK-00335,M008,,EMPLOYEE,Demo Worker WRK-00335,Drill Operator,Environment,C,SUPERVISED,2027-08-16,VALID,2027-05-03,VALID,COMPLIANT,PRESENT,Pit,2024-02-01,DEMO_SYNTHETIC
WRK-00336,M008,,EMPLOYEE,Demo Worker WRK-00336,Excavator Operator,Operations,B,COMPETENT,2027-04-22,VALID,2026-09-01,EXPIRED,PARTIAL,PRESENT,West Dump,2024-04-10,DEMO_SYNTHETIC
WRK-00337,M008,,EMPLOYEE,Demo Worker WRK-00337,Survey Assistant,Operations,A,COMPETENT,2027-04-04,VALID,2027-06-28,VALID,COMPLIANT,PRESENT,Workshop,2024-06-30,DEMO_SYNTHETIC
WRK-00338,M008,,EMPLOYEE,Demo Worker WRK-00338,General Worker,Safety,B,SUPERVISED,2027-09-06,VALID,2026-12-10,VALID,COMPLIANT,PRESENT,Pit,2023-12-23,DEMO_SYNTHETIC
WRK-00339,M008,,EMPLOYEE,Demo Worker WRK-00339,Dumper Operator,Production,A,COMPETENT,2027-02-08,VALID,2027-07-15,VALID,COMPLIANT,OFF_SHIFT,Workshop,2025-11-25,DEMO_SYNTHETIC
WRK-00340,M008,CTR-0022,CONTRACTOR,Demo Worker WRK-00340,Safety Assistant,Mechanical,B,COMPETENT,2027-06-22,VALID,2026-12-06,VALID,COMPLIANT,OFF_SHIFT,West Dump,2024-12-03,DEMO_SYNTHETIC
WRK-00341,M008,CTR-0023,CONTRACTOR,Demo Worker WRK-00341,Electrician,Safety,C,COMPETENT,2027-05-20,VALID,2026-11-08,VALID,PARTIAL,OFF_SHIFT,Panel-2,2025-04-16,DEMO_SYNTHETIC
WRK-00342,M008,,EMPLOYEE,Demo Worker WRK-00342,Excavator Operator,Electrical,C,SUPERVISED,2027-03-16,VALID,2027-03-24,VALID,COMPLIANT,PRESENT,Surface Office,2023-12-25,DEMO_SYNTHETIC
WRK-00343,M008,,EMPLOYEE,Demo Worker WRK-00343,Excavator Operator,Mechanical,C,TRAINEE,2026-10-10,VALID,2026-08-07,EXPIRED,COMPLIANT,PRESENT,Pit,2025-09-24,DEMO_SYNTHETIC
WRK-00344,M008,CTR-0022,CONTRACTOR,Demo Worker WRK-00344,Safety Assistant,Safety,B,COMPETENT,2026-09-12,DUE_SOON,2027-05-17,VALID,COMPLIANT,PRESENT,Workshop,2026-03-27,DEMO_SYNTHETIC
WRK-00345,M008,CTR-0023,CONTRACTOR,Demo Worker WRK-00345,Excavator Operator,Production,B,COMPETENT,2027-10-08,VALID,2027-01-22,VALID,COMPLIANT,PRESENT,Panel-1,2025-09-05,DEMO_SYNTHETIC
WRK-00346,M008,CTR-0024,CONTRACTOR,Demo Worker WRK-00346,Survey Assistant,Mechanical,C,SUPERVISED,2026-10-19,VALID,2027-01-09,VALID,COMPLIANT,PRESENT,Panel-1,2025-11-06,DEMO_SYNTHETIC
WRK-00347,M008,CTR-0022,CONTRACTOR,Demo Worker WRK-00347,Survey Assistant,Environment,A,TRAINEE,2026-11-06,VALID,2027-03-27,VALID,COMPLIANT,PRESENT,Surface Office,2024-05-14,DEMO_SYNTHETIC
WRK-00348,M008,CTR-0022,CONTRACTOR,Demo Worker WRK-00348,Fitter,Production,A,COMPETENT,2027-10-16,VALID,2027-08-22,VALID,COMPLIANT,PRESENT,Surface Office,2026-04-17,DEMO_SYNTHETIC
WRK-00349,M008,CTR-0023,CONTRACTOR,Demo Worker WRK-00349,Drill Operator,Operations,A,TRAINEE,2026-10-03,VALID,2027-01-03,VALID,COMPLIANT,OFF_SHIFT,Haul Road,2024-02-02,DEMO_SYNTHETIC
WRK-00350,M008,,EMPLOYEE,Demo Worker WRK-00350,Electrician,Safety,A,COMPETENT,2027-09-12,VALID,2026-09-13,DUE_SOON,NON_COMPLIANT,OFF_SHIFT,Panel-1,2024-06-23,DEMO_SYNTHETIC
WRK-00351,M008,,EMPLOYEE,Demo Worker WRK-00351,Drill Operator,Safety,B,TRAINEE,2027-08-27,VALID,2027-03-26,VALID,COMPLIANT,OFF_SHIFT,Surface Office,2024-10-28,DEMO_SYNTHETIC
WRK-00352,M008,CTR-0023,CONTRACTOR,Demo Worker WRK-00352,Survey Assistant,Safety,B,TRAINEE,2026-11-25,VALID,2026-09-28,DUE_SOON,COMPLIANT,PRESENT,Panel-2,2024-06-02,DEMO_SYNTHETIC
WRK-00353,M008,,EMPLOYEE,Demo Worker WRK-00353,Electrician,Operations,B,TRAINEE,2027-01-28,VALID,2027-08-07,VALID,COMPLIANT,PRESENT,Pit,2026-04-12,DEMO_SYNTHETIC
WRK-00354,M008,CTR-0023,CONTRACTOR,Demo Worker WRK-00354,Excavator Operator,Operations,B,SUPERVISED,2027-05-25,VALID,2027-05-10,VALID,PARTIAL,PRESENT,Panel-1,2026-01-20,DEMO_SYNTHETIC
WRK-00355,M008,CTR-0024,CONTRACTOR,Demo Worker WRK-00355,Dumper Operator,Operations,C,COMPETENT,2027-05-10,VALID,2027-01-14,VALID,COMPLIANT,PRESENT,West Dump,2025-01-07,DEMO_SYNTHETIC
WRK-00356,M008,,EMPLOYEE,Demo Worker WRK-00356,Safety Assistant,Production,B,TRAINEE,2027-05-21,VALID,2027-01-31,VALID,PARTIAL,PRESENT,West Dump,2023-08-09,DEMO_SYNTHETIC
WRK-00357,M008,CTR-0022,CONTRACTOR,Demo Worker WRK-00357,Electrician,Production,B,SUPERVISED,2027-06-08,VALID,2027-04-01,VALID,COMPLIANT,OFF_SHIFT,Coal Face,2025-01-13,DEMO_SYNTHETIC
WRK-00358,M008,CTR-0022,CONTRACTOR,Demo Worker WRK-00358,Dumper Operator,Production,B,SUPERVISED,2026-10-27,VALID,2026-11-13,VALID,PARTIAL,PRESENT,Haul Road,2025-07-31,DEMO_SYNTHETIC
WRK-00359,M008,CTR-0023,CONTRACTOR,Demo Worker WRK-00359,Fitter,Environment,B,SUPERVISED,2027-05-27,VALID,2027-01-08,VALID,COMPLIANT,OFF_SHIFT,Panel-1,2025-08-07,DEMO_SYNTHETIC
WRK-00360,M008,,EMPLOYEE,Demo Worker WRK-00360,Excavator Operator,Electrical,B,COMPETENT,2026-07-22,EXPIRED,2027-02-27,VALID,COMPLIANT,PRESENT,Workshop,2026-01-11,DEMO_SYNTHETIC
WRK-00361,M009,,EMPLOYEE,Demo Worker WRK-00361,Electrician,Environment,C,COMPETENT,2026-08-17,EXPIRED,2027-08-28,VALID,COMPLIANT,PRESENT,Workshop,2024-12-21,DEMO_SYNTHETIC
WRK-00362,M009,CTR-0026,CONTRACTOR,Demo Worker WRK-00362,Roof Bolter,Electrical,B,TRAINEE,2027-04-18,VALID,2026-10-25,VALID,COMPLIANT,PRESENT,Haul Road,2026-05-31,DEMO_SYNTHETIC
WRK-00363,M009,,EMPLOYEE,Demo Worker WRK-00363,Roof Bolter,Production,A,COMPETENT,2027-05-16,VALID,2026-08-14,EXPIRED,COMPLIANT,LEAVE,Haul Road,2025-09-13,DEMO_SYNTHETIC
WRK-00364,M009,,EMPLOYEE,Demo Worker WRK-00364,Roof Bolter,Safety,A,COMPETENT,2026-11-02,VALID,2026-10-16,VALID,COMPLIANT,PRESENT,Haul Road,2025-07-22,DEMO_SYNTHETIC
WRK-00365,M009,,EMPLOYEE,Demo Worker WRK-00365,Fitter,Production,C,TRAINEE,2027-09-28,VALID,2027-01-05,VALID,PARTIAL,PRESENT,Panel-1,2026-05-16,DEMO_SYNTHETIC
WRK-00366,M009,CTR-0027,CONTRACTOR,Demo Worker WRK-00366,Survey Assistant,Environment,C,COMPETENT,2027-06-03,VALID,2027-08-18,VALID,COMPLIANT,OFF_SHIFT,Surface Office,2025-12-25,DEMO_SYNTHETIC
WRK-00367,M009,CTR-0026,CONTRACTOR,Demo Worker WRK-00367,Safety Assistant,Electrical,C,SUPERVISED,2027-01-23,VALID,2027-03-08,VALID,COMPLIANT,PRESENT,Pit,2024-12-20,DEMO_SYNTHETIC
WRK-00368,M009,,EMPLOYEE,Demo Worker WRK-00368,Survey Assistant,Environment,B,COMPETENT,2027-06-24,VALID,2026-10-26,VALID,NON_COMPLIANT,PRESENT,Pit,2025-12-12,DEMO_SYNTHETIC
WRK-00369,M009,,EMPLOYEE,Demo Worker WRK-00369,Survey Assistant,Electrical,B,SUPERVISED,2027-03-06,VALID,2027-08-23,VALID,COMPLIANT,PRESENT,Panel-1,2025-05-21,DEMO_SYNTHETIC
WRK-00370,M009,,EMPLOYEE,Demo Worker WRK-00370,Fitter,Production,A,COMPETENT,2027-01-28,VALID,2027-01-05,VALID,COMPLIANT,PRESENT,Coal Face,2025-10-24,DEMO_SYNTHETIC
WRK-00371,M009,,EMPLOYEE,Demo Worker WRK-00371,General Worker,Electrical,C,COMPETENT,2027-01-22,VALID,2026-10-17,VALID,COMPLIANT,ABSENT,Coal Face,2024-09-02,DEMO_SYNTHETIC
WRK-00372,M009,,EMPLOYEE,Demo Worker WRK-00372,Electrician,Electrical,C,TRAINEE,2026-08-29,EXPIRED,2026-08-24,EXPIRED,COMPLIANT,OFF_SHIFT,Pit,2023-08-29,DEMO_SYNTHETIC
WRK-00373,M009,,EMPLOYEE,Demo Worker WRK-00373,Safety Assistant,Mechanical,A,TRAINEE,2026-12-13,VALID,2027-07-02,VALID,COMPLIANT,PRESENT,Workshop,2024-11-16,DEMO_SYNTHETIC
WRK-00374,M009,,EMPLOYEE,Demo Worker WRK-00374,Pump Operator,Safety,A,SUPERVISED,2026-07-30,EXPIRED,2027-02-17,VALID,COMPLIANT,ABSENT,Coal Face,2024-01-05,DEMO_SYNTHETIC
WRK-00375,M009,,EMPLOYEE,Demo Worker WRK-00375,Fitter,Electrical,A,COMPETENT,2027-07-22,VALID,2027-02-06,VALID,PARTIAL,LEAVE,Surface Office,2023-09-17,DEMO_SYNTHETIC
WRK-00376,M009,,EMPLOYEE,Demo Worker WRK-00376,Safety Assistant,Safety,B,COMPETENT,2027-08-07,VALID,2026-09-19,DUE_SOON,COMPLIANT,PRESENT,Coal Face,2025-03-27,DEMO_SYNTHETIC
WRK-00377,M009,,EMPLOYEE,Demo Worker WRK-00377,General Worker,Electrical,C,SUPERVISED,2027-05-11,VALID,2027-03-05,VALID,COMPLIANT,PRESENT,Coal Face,2023-08-31,DEMO_SYNTHETIC
WRK-00378,M009,,EMPLOYEE,Demo Worker WRK-00378,Electrician,Safety,A,COMPETENT,2027-04-27,VALID,2026-09-26,DUE_SOON,COMPLIANT,PRESENT,Panel-2,2025-10-24,DEMO_SYNTHETIC
WRK-00379,M009,CTR-0027,CONTRACTOR,Demo Worker WRK-00379,Fitter,Operations,B,SUPERVISED,2027-04-06,VALID,2027-02-18,VALID,COMPLIANT,LEAVE,Workshop,2024-10-18,DEMO_SYNTHETIC
WRK-00380,M009,,EMPLOYEE,Demo Worker WRK-00380,Fitter,Safety,A,COMPETENT,2027-07-17,VALID,2026-12-18,VALID,COMPLIANT,PRESENT,West Dump,2024-08-24,DEMO_SYNTHETIC
WRK-00381,M010,,EMPLOYEE,Demo Worker WRK-00381,Safety Assistant,Safety,A,SUPERVISED,2027-03-03,VALID,2026-11-22,VALID,COMPLIANT,PRESENT,Haul Road,2023-09-30,DEMO_SYNTHETIC
WRK-00382,M010,CTR-0030,CONTRACTOR,Demo Worker WRK-00382,Roof Bolter,Electrical,C,COMPETENT,2027-09-27,VALID,2026-09-18,DUE_SOON,COMPLIANT,PRESENT,Pit,2023-06-13,DEMO_SYNTHETIC
WRK-00383,M010,,EMPLOYEE,Demo Worker WRK-00383,Electrician,Production,A,TRAINEE,2027-06-08,VALID,2027-01-27,VALID,COMPLIANT,PRESENT,Workshop,2025-11-14,DEMO_SYNTHETIC
WRK-00384,M010,,EMPLOYEE,Demo Worker WRK-00384,Safety Assistant,Operations,B,SUPERVISED,2027-06-03,VALID,2026-11-28,VALID,PARTIAL,PRESENT,Workshop,2025-12-29,DEMO_SYNTHETIC
WRK-00385,M010,,EMPLOYEE,Demo Worker WRK-00385,Continuous Miner Operator,Environment,C,COMPETENT,2026-12-13,VALID,2027-01-11,VALID,COMPLIANT,PRESENT,Workshop,2024-01-11,DEMO_SYNTHETIC
WRK-00386,M010,CTR-0029,CONTRACTOR,Demo Worker WRK-00386,Fitter,Electrical,B,COMPETENT,2026-08-06,EXPIRED,2027-05-11,VALID,NON_COMPLIANT,OFF_SHIFT,West Dump,2025-11-17,DEMO_SYNTHETIC
WRK-00387,M010,,EMPLOYEE,Demo Worker WRK-00387,Roof Bolter,Environment,A,SUPERVISED,2027-10-15,VALID,2027-06-15,VALID,COMPLIANT,OFF_SHIFT,Pit,2024-11-09,DEMO_SYNTHETIC
WRK-00388,M010,,EMPLOYEE,Demo Worker WRK-00388,Pump Operator,Environment,C,SUPERVISED,2027-05-03,VALID,2027-06-22,VALID,COMPLIANT,ABSENT,Coal Face,2026-05-25,DEMO_SYNTHETIC
WRK-00389,M010,,EMPLOYEE,Demo Worker WRK-00389,Electrician,Electrical,B,SUPERVISED,2026-10-24,VALID,2026-12-12,VALID,COMPLIANT,PRESENT,Haul Road,2023-09-17,DEMO_SYNTHETIC
WRK-00390,M010,CTR-0029,CONTRACTOR,Demo Worker WRK-00390,Electrician,Production,C,TRAINEE,2027-08-28,VALID,2027-04-21,VALID,COMPLIANT,PRESENT,Coal Face,2026-04-06,DEMO_SYNTHETIC
WRK-00391,M010,,EMPLOYEE,Demo Worker WRK-00391,Continuous Miner Operator,Safety,A,SUPERVISED,2027-09-06,VALID,2027-02-18,VALID,COMPLIANT,PRESENT,West Dump,2025-02-07,DEMO_SYNTHETIC
WRK-00392,M010,,EMPLOYEE,Demo Worker WRK-00392,Ventilation Assistant,Operations,A,COMPETENT,2027-10-16,VALID,2027-08-17,VALID,COMPLIANT,PRESENT,Workshop,2025-02-22,DEMO_SYNTHETIC
WRK-00393,M010,,EMPLOYEE,Demo Worker WRK-00393,Fitter,Production,C,SUPERVISED,2027-08-25,VALID,2027-02-09,VALID,COMPLIANT,PRESENT,Haul Road,2024-10-17,DEMO_SYNTHETIC
WRK-00394,M010,,EMPLOYEE,Demo Worker WRK-00394,Pump Operator,Electrical,A,SUPERVISED,2027-01-01,VALID,2027-05-20,VALID,COMPLIANT,PRESENT,Panel-1,2025-05-22,DEMO_SYNTHETIC
WRK-00395,M010,,EMPLOYEE,Demo Worker WRK-00395,Safety Assistant,Production,A,SUPERVISED,2027-01-28,VALID,2027-01-05,VALID,COMPLIANT,PRESENT,Panel-2,2024-03-17,DEMO_SYNTHETIC
WRK-00396,M010,CTR-0028,CONTRACTOR,Demo Worker WRK-00396,Ventilation Assistant,Electrical,C,SUPERVISED,2027-10-02,VALID,2027-06-26,VALID,COMPLIANT,OFF_SHIFT,Coal Face,2025-06-03,DEMO_SYNTHETIC
WRK-00397,M010,,EMPLOYEE,Demo Worker WRK-00397,Safety Assistant,Safety,B,TRAINEE,2027-03-21,VALID,2027-03-21,VALID,COMPLIANT,PRESENT,Panel-1,2025-05-05,DEMO_SYNTHETIC
WRK-00398,M010,CTR-0028,CONTRACTOR,Demo Worker WRK-00398,Electrician,Mechanical,A,TRAINEE,2026-10-13,VALID,2027-01-20,VALID,COMPLIANT,PRESENT,Panel-2,2026-05-23,DEMO_SYNTHETIC
WRK-00399,M010,CTR-0029,CONTRACTOR,Demo Worker WRK-00399,Roof Bolter,Operations,A,COMPETENT,2026-09-29,DUE_SOON,2027-01-03,VALID,PARTIAL,OFF_SHIFT,Surface Office,2025-10-23,DEMO_SYNTHETIC
WRK-00400,M010,,EMPLOYEE,Demo Worker WRK-00400,Ventilation Assistant,Mechanical,C,TRAINEE,2027-04-05,VALID,2027-07-07,VALID,COMPLIANT,PRESENT,Workshop,2024-04-14,DEMO_SYNTHETIC
WRK-00401,M011,,EMPLOYEE,Demo Worker WRK-00401,Safety Assistant,Environment,B,SUPERVISED,2027-04-01,VALID,2026-11-27,VALID,COMPLIANT,PRESENT,Panel-1,2025-06-13,DEMO_SYNTHETIC
WRK-00402,M011,CTR-0032,CONTRACTOR,Demo Worker WRK-00402,Survey Assistant,Production,A,SUPERVISED,2026-08-17,EXPIRED,2027-07-30,VALID,COMPLIANT,LEAVE,West Dump,2024-06-27,DEMO_SYNTHETIC
WRK-00403,M011,CTR-0033,CONTRACTOR,Demo Worker WRK-00403,General Worker,Environment,A,TRAINEE,2027-02-26,VALID,2027-04-10,VALID,COMPLIANT,PRESENT,Pit,2023-07-17,DEMO_SYNTHETIC
WRK-00404,M011,CTR-0031,CONTRACTOR,Demo Worker WRK-00404,Fitter,Operations,B,TRAINEE,2027-06-20,VALID,2026-10-08,VALID,COMPLIANT,PRESENT,Surface Office,2025-11-11,DEMO_SYNTHETIC
WRK-00405,M011,CTR-0032,CONTRACTOR,Demo Worker WRK-00405,Survey Assistant,Safety,C,TRAINEE,2027-05-17,VALID,2026-09-20,DUE_SOON,NON_COMPLIANT,OFF_SHIFT,Workshop,2025-06-01,DEMO_SYNTHETIC
WRK-00406,M011,CTR-0033,CONTRACTOR,Demo Worker WRK-00406,Roof Bolter,Production,A,TRAINEE,2027-09-06,VALID,2027-04-24,VALID,COMPLIANT,PRESENT,Panel-1,2025-03-21,DEMO_SYNTHETIC
WRK-00407,M011,CTR-0033,CONTRACTOR,Demo Worker WRK-00407,Fitter,Safety,A,SUPERVISED,2027-03-26,VALID,2027-06-01,VALID,COMPLIANT,OFF_SHIFT,Panel-2,2023-05-28,DEMO_SYNTHETIC
WRK-00408,M011,CTR-0032,CONTRACTOR,Demo Worker WRK-00408,Fitter,Environment,B,COMPETENT,2026-08-17,EXPIRED,2027-06-15,VALID,COMPLIANT,PRESENT,West Dump,2025-01-05,DEMO_SYNTHETIC
WRK-00409,M011,CTR-0032,CONTRACTOR,Demo Worker WRK-00409,Survey Assistant,Electrical,A,SUPERVISED,2027-08-31,VALID,2027-05-21,VALID,PARTIAL,PRESENT,Panel-1,2023-11-07,DEMO_SYNTHETIC
WRK-00410,M011,CTR-0033,CONTRACTOR,Demo Worker WRK-00410,Pump Operator,Environment,C,TRAINEE,2027-07-07,VALID,2026-09-27,DUE_SOON,COMPLIANT,PRESENT,Panel-1,2025-03-04,DEMO_SYNTHETIC
WRK-00411,M011,,EMPLOYEE,Demo Worker WRK-00411,Dumper Operator,Safety,B,COMPETENT,2026-12-13,VALID,2027-02-21,VALID,COMPLIANT,PRESENT,Workshop,2024-08-03,DEMO_SYNTHETIC
WRK-00412,M011,,EMPLOYEE,Demo Worker WRK-00412,Fitter,Operations,A,COMPETENT,2026-11-15,VALID,2026-09-27,DUE_SOON,COMPLIANT,PRESENT,Panel-1,2024-07-01,DEMO_SYNTHETIC
WRK-00413,M011,CTR-0033,CONTRACTOR,Demo Worker WRK-00413,General Worker,Electrical,B,COMPETENT,2027-08-17,VALID,2027-04-27,VALID,PARTIAL,PRESENT,Surface Office,2025-04-02,DEMO_SYNTHETIC
WRK-00414,M011,,EMPLOYEE,Demo Worker WRK-00414,Safety Assistant,Environment,B,TRAINEE,2026-09-19,DUE_SOON,2026-09-27,DUE_SOON,COMPLIANT,PRESENT,Coal Face,2025-07-25,DEMO_SYNTHETIC
WRK-00415,M011,,EMPLOYEE,Demo Worker WRK-00415,Dumper Operator,Safety,A,COMPETENT,2027-05-15,VALID,2027-08-28,VALID,COMPLIANT,PRESENT,Haul Road,2026-05-08,DEMO_SYNTHETIC
WRK-00416,M011,CTR-0033,CONTRACTOR,Demo Worker WRK-00416,Fitter,Mechanical,B,SUPERVISED,2027-07-05,VALID,2027-01-15,VALID,PARTIAL,PRESENT,West Dump,2024-05-16,DEMO_SYNTHETIC
WRK-00417,M011,CTR-0031,CONTRACTOR,Demo Worker WRK-00417,Roof Bolter,Operations,C,TRAINEE,2027-09-13,VALID,2027-08-25,VALID,PARTIAL,OFF_SHIFT,West Dump,2024-04-27,DEMO_SYNTHETIC
WRK-00418,M011,,EMPLOYEE,Demo Worker WRK-00418,Roof Bolter,Safety,B,SUPERVISED,2026-09-17,DUE_SOON,2027-05-22,VALID,COMPLIANT,OFF_SHIFT,Surface Office,2024-06-24,DEMO_SYNTHETIC
WRK-00419,M011,,EMPLOYEE,Demo Worker WRK-00419,Roof Bolter,Environment,B,TRAINEE,2027-04-13,VALID,2026-08-22,EXPIRED,COMPLIANT,ABSENT,Pit,2023-09-20,DEMO_SYNTHETIC
WRK-00420,M011,,EMPLOYEE,Demo Worker WRK-00420,Pump Operator,Electrical,A,SUPERVISED,2027-06-17,VALID,2026-10-28,VALID,COMPLIANT,PRESENT,Surface Office,2026-05-13,DEMO_SYNTHETIC
WRK-00421,M011,,EMPLOYEE,Demo Worker WRK-00421,Safety Assistant,Operations,A,SUPERVISED,2027-06-03,VALID,2027-06-08,VALID,COMPLIANT,OFF_SHIFT,West Dump,2025-06-03,DEMO_SYNTHETIC
WRK-00422,M011,CTR-0032,CONTRACTOR,Demo Worker WRK-00422,Survey Assistant,Mechanical,A,TRAINEE,2027-06-14,VALID,2027-08-23,VALID,PARTIAL,OFF_SHIFT,Pit,2025-01-23,DEMO_SYNTHETIC
WRK-00423,M011,CTR-0031,CONTRACTOR,Demo Worker WRK-00423,General Worker,Production,B,SUPERVISED,2027-05-11,VALID,2027-07-07,VALID,COMPLIANT,LEAVE,Panel-1,2025-11-20,DEMO_SYNTHETIC
WRK-00424,M011,,EMPLOYEE,Demo Worker WRK-00424,Dumper Operator,Operations,A,TRAINEE,2027-08-01,VALID,2026-12-03,VALID,COMPLIANT,OFF_SHIFT,West Dump,2023-06-22,DEMO_SYNTHETIC
WRK-00425,M011,,EMPLOYEE,Demo Worker WRK-00425,Survey Assistant,Safety,B,COMPETENT,2027-07-14,VALID,2027-05-03,VALID,NON_COMPLIANT,PRESENT,Panel-2,2024-02-03,DEMO_SYNTHETIC
WRK-00426,M011,,EMPLOYEE,Demo Worker WRK-00426,General Worker,Electrical,A,TRAINEE,2027-07-27,VALID,2026-12-05,VALID,PARTIAL,PRESENT,Haul Road,2025-09-01,DEMO_SYNTHETIC
WRK-00427,M011,,EMPLOYEE,Demo Worker WRK-00427,Roof Bolter,Electrical,C,SUPERVISED,2026-10-15,VALID,2027-05-26,VALID,COMPLIANT,PRESENT,Coal Face,2025-11-06,DEMO_SYNTHETIC
WRK-00428,M011,,EMPLOYEE,Demo Worker WRK-00428,Electrician,Environment,B,TRAINEE,2026-08-18,EXPIRED,2026-11-27,VALID,COMPLIANT,PRESENT,Panel-2,2023-12-25,DEMO_SYNTHETIC
WRK-00429,M011,,EMPLOYEE,Demo Worker WRK-00429,Pump Operator,Electrical,C,SUPERVISED,2027-01-27,VALID,2027-04-14,VALID,PARTIAL,PRESENT,Pit,2024-11-12,DEMO_SYNTHETIC
WRK-00430,M011,CTR-0032,CONTRACTOR,Demo Worker WRK-00430,General Worker,Operations,A,COMPETENT,2026-10-02,DUE_SOON,2027-01-27,VALID,PARTIAL,PRESENT,West Dump,2025-06-17,DEMO_SYNTHETIC
WRK-00431,M011,CTR-0033,CONTRACTOR,Demo Worker WRK-00431,Fitter,Production,A,TRAINEE,2026-11-02,VALID,2027-07-23,VALID,COMPLIANT,OFF_SHIFT,Haul Road,2024-02-10,DEMO_SYNTHETIC
WRK-00432,M011,,EMPLOYEE,Demo Worker WRK-00432,Dumper Operator,Operations,C,SUPERVISED,2026-08-25,EXPIRED,2027-01-25,VALID,COMPLIANT,PRESENT,Pit,2024-02-26,DEMO_SYNTHETIC
WRK-00433,M011,,EMPLOYEE,Demo Worker WRK-00433,Survey Assistant,Safety,B,COMPETENT,2027-08-10,VALID,2027-03-22,VALID,PARTIAL,PRESENT,West Dump,2023-07-06,DEMO_SYNTHETIC
WRK-00434,M011,CTR-0033,CONTRACTOR,Demo Worker WRK-00434,Electrician,Mechanical,B,COMPETENT,2027-02-09,VALID,2027-06-09,VALID,PARTIAL,OFF_SHIFT,Pit,2025-03-25,DEMO_SYNTHETIC
WRK-00435,M011,CTR-0031,CONTRACTOR,Demo Worker WRK-00435,Fitter,Mechanical,C,SUPERVISED,2026-09-24,DUE_SOON,2027-07-17,VALID,COMPLIANT,OFF_SHIFT,Coal Face,2026-04-12,DEMO_SYNTHETIC
WRK-00436,M011,,EMPLOYEE,Demo Worker WRK-00436,Fitter,Electrical,C,COMPETENT,2027-05-07,VALID,2026-12-12,VALID,PARTIAL,PRESENT,West Dump,2026-01-12,DEMO_SYNTHETIC
WRK-00437,M011,,EMPLOYEE,Demo Worker WRK-00437,Pump Operator,Environment,A,COMPETENT,2026-08-23,EXPIRED,2026-10-02,DUE_SOON,PARTIAL,LEAVE,Panel-1,2023-05-22,DEMO_SYNTHETIC
WRK-00438,M011,,EMPLOYEE,Demo Worker WRK-00438,Roof Bolter,Safety,C,COMPETENT,2027-10-17,VALID,2026-08-09,EXPIRED,COMPLIANT,ABSENT,Panel-1,2025-08-23,DEMO_SYNTHETIC
WRK-00439,M011,CTR-0033,CONTRACTOR,Demo Worker WRK-00439,Roof Bolter,Environment,A,COMPETENT,2027-10-09,VALID,2026-09-16,DUE_SOON,COMPLIANT,OFF_SHIFT,Surface Office,2025-02-13,DEMO_SYNTHETIC
WRK-00440,M011,CTR-0031,CONTRACTOR,Demo Worker WRK-00440,Pump Operator,Mechanical,B,SUPERVISED,2027-09-01,VALID,2027-08-10,VALID,COMPLIANT,ABSENT,Panel-1,2026-03-26,DEMO_SYNTHETIC
WRK-00441,M011,,EMPLOYEE,Demo Worker WRK-00441,Pump Operator,Mechanical,A,TRAINEE,2027-05-19,VALID,2026-08-28,EXPIRED,COMPLIANT,PRESENT,Panel-1,2026-01-04,DEMO_SYNTHETIC
WRK-00442,M011,,EMPLOYEE,Demo Worker WRK-00442,Electrician,Mechanical,B,TRAINEE,2027-06-24,VALID,2027-04-15,VALID,COMPLIANT,ABSENT,Panel-2,2026-05-21,DEMO_SYNTHETIC
WRK-00443,M011,CTR-0033,CONTRACTOR,Demo Worker WRK-00443,Fitter,Environment,A,SUPERVISED,2027-08-09,VALID,2027-01-28,VALID,NON_COMPLIANT,PRESENT,Haul Road,2024-06-21,DEMO_SYNTHETIC
WRK-00444,M011,CTR-0031,CONTRACTOR,Demo Worker WRK-00444,Fitter,Safety,B,SUPERVISED,2027-10-23,VALID,2026-08-19,EXPIRED,COMPLIANT,PRESENT,Workshop,2024-07-23,DEMO_SYNTHETIC
WRK-00445,M011,,EMPLOYEE,Demo Worker WRK-00445,Roof Bolter,Safety,B,SUPERVISED,2027-08-15,VALID,2026-09-06,DUE_SOON,COMPLIANT,PRESENT,Coal Face,2024-07-04,DEMO_SYNTHETIC
WRK-00446,M012,,EMPLOYEE,Demo Worker WRK-00446,Survey Assistant,Safety,B,SUPERVISED,2026-08-27,EXPIRED,2027-05-24,VALID,COMPLIANT,PRESENT,Coal Face,2024-02-26,DEMO_SYNTHETIC
WRK-00447,M012,,EMPLOYEE,Demo Worker WRK-00447,Survey Assistant,Safety,B,COMPETENT,2026-10-08,VALID,2026-08-16,EXPIRED,PARTIAL,PRESENT,Pit,2025-01-21,DEMO_SYNTHETIC
WRK-00448,M012,,EMPLOYEE,Demo Worker WRK-00448,Fitter,Environment,B,COMPETENT,2026-11-10,VALID,2027-08-03,VALID,COMPLIANT,PRESENT,Coal Face,2024-08-20,DEMO_SYNTHETIC
WRK-00449,M012,CTR-0036,CONTRACTOR,Demo Worker WRK-00449,Excavator Operator,Environment,C,TRAINEE,2026-08-04,EXPIRED,2027-08-03,VALID,COMPLIANT,ABSENT,Panel-2,2025-07-05,DEMO_SYNTHETIC
WRK-00450,M012,,EMPLOYEE,Demo Worker WRK-00450,Electrician,Operations,A,SUPERVISED,2027-02-28,VALID,2027-04-24,VALID,COMPLIANT,ABSENT,Haul Road,2026-04-30,DEMO_SYNTHETIC
WRK-00451,M012,,EMPLOYEE,Demo Worker WRK-00451,Fitter,Environment,A,COMPETENT,2027-04-06,VALID,2026-10-16,VALID,COMPLIANT,PRESENT,Coal Face,2024-06-08,DEMO_SYNTHETIC
WRK-00452,M012,,EMPLOYEE,Demo Worker WRK-00452,Dumper Operator,Environment,C,TRAINEE,2026-08-04,EXPIRED,2027-03-27,VALID,COMPLIANT,PRESENT,Haul Road,2026-04-12,DEMO_SYNTHETIC
WRK-00453,M012,,EMPLOYEE,Demo Worker WRK-00453,Safety Assistant,Production,C,COMPETENT,2027-07-07,VALID,2026-11-13,VALID,COMPLIANT,LEAVE,Pit,2026-01-24,DEMO_SYNTHETIC
WRK-00454,M012,CTR-0036,CONTRACTOR,Demo Worker WRK-00454,Electrician,Safety,C,TRAINEE,2027-10-25,VALID,2027-01-27,VALID,NON_COMPLIANT,OFF_SHIFT,Panel-1,2025-08-15,DEMO_SYNTHETIC
WRK-00455,M012,,EMPLOYEE,Demo Worker WRK-00455,General Worker,Operations,A,COMPETENT,2027-06-23,VALID,2027-05-10,VALID,NON_COMPLIANT,OFF_SHIFT,Panel-2,2024-12-10,DEMO_SYNTHETIC
WRK-00456,M012,CTR-0036,CONTRACTOR,Demo Worker WRK-00456,Dumper Operator,Safety,C,COMPETENT,2027-03-22,VALID,2027-04-17,VALID,COMPLIANT,ABSENT,West Dump,2026-01-26,DEMO_SYNTHETIC
WRK-00457,M012,,EMPLOYEE,Demo Worker WRK-00457,Dumper Operator,Safety,A,SUPERVISED,2027-03-09,VALID,2026-09-06,DUE_SOON,NON_COMPLIANT,PRESENT,West Dump,2024-05-15,DEMO_SYNTHETIC
WRK-00458,M012,,EMPLOYEE,Demo Worker WRK-00458,Electrician,Production,B,TRAINEE,2026-11-04,VALID,2027-01-14,VALID,NON_COMPLIANT,ABSENT,Panel-1,2023-06-24,DEMO_SYNTHETIC
WRK-00459,M012,CTR-0034,CONTRACTOR,Demo Worker WRK-00459,Dumper Operator,Operations,B,SUPERVISED,2027-10-06,VALID,2027-03-19,VALID,COMPLIANT,PRESENT,Coal Face,2026-06-07,DEMO_SYNTHETIC
WRK-00460,M012,,EMPLOYEE,Demo Worker WRK-00460,Dumper Operator,Production,B,COMPETENT,2026-08-28,EXPIRED,2027-03-04,VALID,COMPLIANT,PRESENT,West Dump,2023-08-17,DEMO_SYNTHETIC
WRK-00461,M012,,EMPLOYEE,Demo Worker WRK-00461,Electrician,Mechanical,A,TRAINEE,2027-07-19,VALID,2026-10-25,VALID,COMPLIANT,PRESENT,Panel-1,2024-07-31,DEMO_SYNTHETIC
WRK-00462,M012,,EMPLOYEE,Demo Worker WRK-00462,Survey Assistant,Electrical,B,TRAINEE,2026-12-22,VALID,2026-09-21,DUE_SOON,COMPLIANT,PRESENT,West Dump,2025-11-19,DEMO_SYNTHETIC
WRK-00463,M012,,EMPLOYEE,Demo Worker WRK-00463,Safety Assistant,Electrical,A,COMPETENT,2026-11-04,VALID,2026-08-25,EXPIRED,COMPLIANT,PRESENT,Haul Road,2025-04-02,DEMO_SYNTHETIC
WRK-00464,M012,,EMPLOYEE,Demo Worker WRK-00464,General Worker,Operations,A,COMPETENT,2027-09-10,VALID,2027-07-22,VALID,COMPLIANT,OFF_SHIFT,Panel-1,2023-09-06,DEMO_SYNTHETIC
WRK-00465,M012,,EMPLOYEE,Demo Worker WRK-00465,Excavator Operator,Mechanical,B,COMPETENT,2026-10-25,VALID,2027-05-16,VALID,PARTIAL,OFF_SHIFT,Pit,2024-06-02,DEMO_SYNTHETIC
